ID,item1,item2,item3,item4,item5,item6,item7,item8,item9,item10,item11,item12,item13,item14,item15,item16,item17,item18,item19,item20,item21,item22,item23,item24,item25,item26,item27,item28,item29,item30
1001,1,1,0,1,1,1,1,1,1,1,1,1,1,1,0,1,1,1,1,1,1,1,1,1,1,1,1,0,1,1
1002,0,1,1,1,1,1,0,0,1,0,0,1,1,1,0,1,1,1,0,0,1,0,0,0,1,1,0,1,0,1
1003,0,1,0,1,1,0,1,1,1,0,0,1,0,1,1,1,1,1,1,1,1,1,0,0,1,0,1,1,1,1
1004,0,0,1,0,1,1,0,1,0,1,0,0,0,0,0,1,1,0,1,0,0,0,0,0,0,0,0,1,1,1
1005,0,1,0,1,1,0,1,0,0,0,0,1,0,1,1,1,0,1,0,1,0,0,1,0,0,1,0,1,1,1
1006,0,1,0,0,1,0,1,0,0,0,0,0,0,0,0,1,1,0,1,0,1,0,0,0,0,0,0,1,1,1
1007,1,1,1,1,1,0,1,0,1,0,0,1,1,1,1,0,1,1,1,0,1,1,0,0,0,1,0,0,1,1
1008,0,0,0,0,1,0,0,0,1,0,0,0,1,0,0,0,1,1,0,0,0,0,0,0,0,0,0,0,0,0
1009,1,1,0,0,0,0,0,0,0,0,0,0,1,0,0,1,1,0,1,0,0,1,1,0,0,0,0,0,0,1
1010,1,1,1,1,1,0,0,1,1,0,0,0,1,1,0,1,1,1,1,0,0,1,1,1,0,0,0,0,1,1
1011,1,0,1,0,0,1,1,1,0,0,1,0,1,0,0,0,1,1,1,0,0,0,0,1,0,0,0,0,0,1
1012,1,0,1,0,0,1,0,1,0,0,0,0,1,1,0,0,1,1,0,1,1,1,0,0,1,0,0,0,0,0
1013,0,0,0,0,1,0,0,0,1,0,0,0,0,1,1,0,1,1,0,1,0,0,0,0,0,0,0,0,0,1
1014,0,0,0,1,1,1,0,0,0,0,0,1,1,1,0,0,1,0,1,0,1,0,1,1,0,1,0,0,0,1
1015,0,1,0,0,1,0,0,0,1,0,0,0,1,1,0,0,1,1,1,0,0,0,1,0,0,1,0,0,0,1
1016,0,0,0,1,1,0,0,0,0,0,0,0,0,0,0,0,0,0,0,0,0,0,0,0,0,0,0,0,0,0
1017,1,0,0,0,1,0,0,0,0,0,0,0,1,0,0,1,1,1,1,0,1,0,0,1,0,1,0,1,1,1
1018,0,0,0,0,0,0,0,0,0,0,0,0,1,0,0,0,1,0,1,0,0,0,0,0,0,0,0,0,0,1
1019,1,1,0,1,1,0,0,0,0,1,0,0,1,0,0,1,1,1,1,0,0,0,0,1,1,0,0,1,1,1
1020,1,0,0,0,1,0,0,0,0,0,0,0,1,1,0,1,1,1,1,0,1,1,0,0,0,0,0,1,1,1
1021,1,1,1,1,1,1,0,0,1,0,1,1,1,1,0,1,1,1,1,1,1,1,1,1,1,1,0,1,1,1
1022,1,0,0,1,0,0,1,0,0,0,0,0,0,1,0,0,0,1,0,0,1,0,0,0,0,1,0,0,1,1
1023,0,1,1,1,1,1,1,0,1,0,0,1,1,1,0,1,1,0,0,0,1,1,1,0,1,0,1,0,0,1
1024,1,1,1,0,1,0,1,0,0,0,0,0,1,0,0,1,1,1,0,1,1,1,0,0,0,0,0,0,0,1
1025,0,0,1,1,1,0,1,0,1,1,0,1,0,1,0,0,1,1,1,1,0,1,1,0,0,0,0,0,1,1
1026,0,0,0,0,0,0,0,0,1,0,0,0,0,0,0,0,1,1,1,0,0,0,1,0,1,0,0,0,1,1
1027,0,0,0,0,0,0,1,0,0,0,0,0,1,1,0,1,1,0,0,0,1,0,0,1,0,0,0,0,0,1
1028,0,1,1,1,1,1,0,1,1,0,0,0,1,1,0,0,0,1,0,0,0,1,1,0,1,1,0,0,0,1
1029,1,1,0,0,1,0,1,1,0,1,0,0,1,1,1,0,1,1,1,0,1,1,0,0,1,0,1,0,0,1
1030,0,0,1,0,1,1,0,1,1,1,0,0,1,1,0,1,1,0,1,0,1,0,0,0,0,0,1,1,0,1
1031,0,1,1,1,1,1,0,1,1,1,1,0,1,1,0,1,1,1,1,1,1,1,0,1,1,1,1,1,1,0
1032,1,0,0,1,1,0,0,0,0,0,0,0,1,0,0,0,1,0,0,0,1,0,0,0,0,0,1,1,1,1
1033,1,0,0,1,1,0,0,0,0,0,0,0,1,0,0,0,1,1,0,1,1,1,1,0,1,0,0,1,0,1
1034,1,1,0,1,0,0,1,0,0,0,0,1,0,1,0,0,1,1,0,0,1,0,1,1,1,0,0,0,1,0
1035,0,1,0,0,1,0,0,0,0,0,0,0,0,0,0,0,0,0,0,0,1,1,0,0,0,0,0,0,0,0
1036,0,1,0,0,1,0,0,0,1,0,1,1,0,1,1,1,1,1,1,1,0,0,1,1,1,1,0,1,1,1
1037,1,0,1,1,1,0,1,1,1,0,1,1,1,1,0,1,1,1,1,1,1,1,1,0,1,1,1,1,0,1
1038,0,1,1,1,0,0,0,0,0,0,0,0,1,1,0,1,1,1,0,0,0,1,1,1,0,0,1,0,1,1
1039,1,1,0,1,1,1,1,0,0,0,0,1,1,1,0,1,1,1,0,0,1,1,0,0,1,1,0,1,0,1
1040,0,1,0,1,0,0,1,1,0,1,0,0,1,0,0,1,1,0,0,1,1,1,0,0,1,1,1,0,0,1
1041,0,0,0,1,1,1,0,1,0,1,0,1,0,1,0,1,1,1,1,1,0,1,0,1,0,1,0,1,0,1
1042,0,0,1,1,1,1,0,1,1,0,0,1,0,1,1,0,1,1,1,0,0,0,1,0,1,0,0,1,0,1
1043,0,1,0,1,1,0,0,0,1,1,0,0,0,1,0,0,1,0,0,0,1,0,0,0,0,1,0,1,0,1
1044,1,0,0,0,1,1,0,0,0,0,1,0,1,1,0,0,1,1,0,0,1,0,0,0,1,1,0,0,0,1
1045,0,0,0,1,1,1,0,0,1,0,0,0,0,0,0,0,1,1,1,0,1,1,0,0,0,0,0,0,1,0
1046,0,1,1,1,0,0,0,0,1,0,0,0,1,1,0,0,1,1,1,0,0,0,0,0,0,0,0,1,0,1
1047,0,0,1,1,0,0,0,1,0,0,0,0,1,0,0,0,1,1,1,0,0,0,0,1,0,0,0,0,0,1
1048,0,0,1,1,1,1,0,0,1,0,0,0,1,1,0,1,1,0,1,0,1,1,0,0,0,0,0,1,0,1
1049,1,0,1,1,0,0,1,0,0,0,0,0,0,1,0,0,1,1,0,0,1,1,0,0,0,0,0,0,0,1
1050,1,0,0,0,0,0,1,1,0,0,0,1,1,1,0,0,1,0,0,0,1,1,0,0,1,0,0,0,1,1
1051,1,1,1,1,1,0,1,1,1,1,0,1,1,0,1,1,1,1,0,0,1,1,1,0,1,0,0,1,0,0
1052,1,0,0,0,1,0,0,0,0,0,0,0,1,0,0,0,0,1,0,0,1,1,1,0,0,0,0,0,0,1
1053,0,0,0,0,1,0,0,0,0,1,0,0,1,0,0,0,0,0,1,0,0,0,0,1,0,1,0,0,1,1
1054,1,0,0,1,0,0,1,0,0,1,0,0,1,0,0,0,1,0,1,0,0,1,1,0,1,0,0,1,1,1
1055,1,1,1,1,1,0,1,0,1,0,0,0,1,1,0,1,0,1,0,0,1,1,1,0,0,1,0,0,0,1
1056,0,1,1,1,1,1,1,1,1,1,0,0,0,1,0,1,1,1,1,1,1,1,1,1,0,1,1,0,0,1
1057,0,0,0,0,1,1,0,0,0,1,0,0,0,0,0,0,1,0,1,0,0,1,0,0,0,0,0,0,0,0
1058,1,1,0,0,1,0,0,1,0,0,0,1,0,0,0,1,0,1,0,0,0,0,0,1,0,0,0,0,1,1
1059,0,1,0,1,0,0,0,0,0,1,0,0,0,0,0,0,1,0,0,0,0,0,0,0,0,0,0,0,1,1
1060,0,0,0,0,1,0,1,1,0,0,1,0,0,0,0,1,1,1,1,0,1,0,1,0,0,0,0,1,1,1
1061,0,0,0,1,1,0,1,0,0,0,0,0,1,0,0,0,0,1,0,0,1,0,0,0,0,0,0,0,1,0
1062,0,1,0,1,1,0,0,0,0,0,0,1,1,1,0,1,1,1,1,0,1,1,0,0,1,1,1,0,0,1
1063,1,0,0,0,0,0,0,0,0,0,0,0,1,0,0,0,1,1,0,0,0,0,0,0,0,0,0,0,0,1
1064,1,1,1,1,1,0,0,1,1,0,0,0,1,1,1,1,1,1,0,1,1,1,1,1,0,0,0,1,1,1
1065,0,0,1,0,0,0,0,1,0,0,1,0,0,1,0,1,0,1,1,0,0,1,0,0,0,0,0,0,1,1
1066,0,0,0,0,1,0,1,0,0,1,0,0,1,0,0,0,0,0,0,0,1,1,0,0,0,0,0,0,0,1
1067,0,0,0,1,1,0,0,0,0,0,0,0,0,1,0,1,1,1,1,0,1,1,1,0,0,1,0,0,1,1
1068,1,1,0,0,1,1,0,1,1,0,1,0,1,1,0,0,1,1,1,0,1,0,1,1,0,1,0,0,0,1
1069,0,1,0,1,0,1,1,0,0,0,0,0,1,1,0,0,0,0,0,0,0,1,1,1,0,0,0,0,1,1
1070,0,1,0,1,1,1,1,0,0,0,0,0,0,0,0,1,0,1,0,0,0,1,1,1,0,1,1,1,1,1
1071,0,1,1,1,1,1,1,1,0,0,1,1,1,0,0,0,1,1,0,0,1,1,0,0,0,0,0,0,1,1
1072,0,0,0,0,1,0,0,0,0,1,0,0,0,1,1,0,1,1,0,0,1,0,0,0,0,0,0,0,0,1
1073,1,0,0,1,1,1,1,0,0,0,1,0,1,1,1,1,1,1,1,1,1,1,1,1,1,1,1,1,1,1
1074,1,1,0,0,1,0,0,0,1,0,0,0,0,1,0,1,1,1,1,0,0,0,0,1,0,0,0,0,0,0
1075,1,1,1,1,1,1,1,1,1,0,0,0,1,1,0,1,1,1,1,1,1,0,1,0,1,1,0,1,1,0
1076,0,1,0,0,0,0,1,0,0,0,0,0,0,1,0,1,1,1,0,0,0,0,0,0,0,0,0,1,0,1
1077,1,0,1,1,1,0,1,1,0,1,0,0,1,1,0,1,1,1,0,0,1,0,1,0,0,0,0,0,1,1
1078,1,1,0,1,0,0,1,0,1,0,0,1,1,1,0,1,1,1,1,0,1,1,0,0,0,1,1,0,1,1
1079,1,0,1,1,0,0,0,0,0,0,0,0,0,0,0,0,0,0,0,1,1,0,0,0,0,0,0,0,0,1
1080,1,1,0,1,1,0,0,0,1,1,0,0,1,0,1,1,1,0,1,0,1,1,1,0,0,0,1,1,0,1
1081,1,0,1,1,0,0,0,0,0,0,0,0,1,0,0,0,0,0,0,0,1,0,0,0,0,0,0,0,0,1
1082,0,0,0,0,1,0,1,0,0,0,0,1,0,0,0,0,1,1,0,1,1,0,0,0,0,0,0,0,1,0
1083,1,1,1,1,1,0,0,1,0,1,0,0,0,0,1,0,1,1,1,0,1,1,1,1,0,0,0,1,1,0
1084,1,1,1,1,1,0,0,0,0,0,0,1,1,1,1,0,1,1,1,1,1,1,1,1,1,1,1,0,0,1
1085,1,0,1,0,1,0,0,0,1,1,0,1,1,1,0,1,1,0,1,0,1,1,0,0,0,1,0,1,0,1
1086,1,1,0,1,1,1,0,0,0,0,0,0,1,1,0,0,0,1,0,0,1,1,0,0,0,1,0,0,0,1
1087,1,1,0,0,1,1,1,1,1,0,0,1,0,1,1,1,1,1,0,1,1,1,1,1,1,1,0,1,1,1
1088,1,1,1,0,0,0,0,1,1,0,0,0,1,0,0,0,0,1,0,0,1,1,0,0,0,0,0,0,0,1
1089,1,1,1,1,1,0,0,1,1,1,0,0,1,1,0,1,1,1,1,0,0,1,1,0,0,0,0,0,1,1
1090,0,0,0,1,1,0,0,1,0,1,0,0,0,0,0,0,1,1,0,0,1,1,0,1,1,1,0,0,0,1
1091,0,0,1,1,1,0,1,0,1,0,0,0,1,1,0,0,0,1,1,0,0,1,0,0,0,1,0,0,0,1
1092,1,1,0,1,1,1,0,1,1,1,1,1,1,1,0,1,1,1,1,1,1,1,1,1,1,1,1,1,0,0
1093,1,1,0,0,1,0,1,0,0,1,0,0,0,1,0,1,1,0,0,0,1,1,1,0,0,0,0,0,0,1
1094,0,0,0,1,1,0,0,1,0,0,0,1,0,1,0,0,1,1,1,0,1,0,0,1,0,0,1,1,0,1
1095,0,1,1,0,1,1,0,1,0,0,1,0,0,1,0,0,1,1,0,1,1,1,0,0,0,1,0,0,1,1
1096,0,0,0,0,0,0,0,0,0,0,0,1,0,0,0,0,0,0,0,0,0,0,0,0,0,0,0,1,0,0
1097,0,1,0,1,1,0,0,0,0,0,0,0,0,0,0,0,1,0,0,0,0,0,0,0,0,1,0,0,0,0
1098,0,0,0,1,1,0,0,0,0,0,0,0,0,1,0,0,1,1,1,1,0,1,0,0,0,0,0,1,0,1
1099,1,0,0,0,0,0,0,0,0,0,0,0,0,0,1,0,0,0,0,0,1,1,0,0,0,0,0,0,0,1
1100,0,0,0,1,1,1,1,0,1,1,0,0,0,1,0,0,1,1,0,1,0,1,1,0,1,1,0,0,1,1
1101,0,1,0,0,1,0,1,0,1,1,0,1,1,1,0,1,1,0,1,0,1,1,1,1,1,1,1,1,1,1
1102,0,0,0,0,0,0,0,0,0,1,0,0,0,0,0,0,0,0,0,0,0,0,1,0,0,0,0,0,0,1
1103,1,1,0,0,1,1,1,1,1,0,0,0,1,1,0,0,1,1,0,0,1,1,0,0,0,0,0,0,0,1
1104,0,1,0,0,1,0,0,0,0,0,0,0,1,0,0,0,1,0,0,0,1,0,0,0,0,0,1,0,1,1
1105,0,0,0,1,1,1,0,0,0,0,0,1,1,1,0,1,1,1,1,0,0,0,0,0,0,1,0,0,0,1
1106,0,1,1,1,1,0,1,1,0,0,0,0,1,0,0,1,1,1,1,0,0,1,1,0,0,1,1,1,0,1
1107,0,1,0,1,1,0,1,0,0,0,0,0,0,1,0,0,1,1,1,0,0,1,0,0,0,0,0,1,1,1
1108,0,0,1,1,1,1,1,0,0,0,0,0,1,1,0,1,1,1,0,1,0,1,0,1,0,0,0,0,0,1
1109,1,0,1,1,1,1,1,1,1,0,1,0,1,1,1,1,1,1,1,0,1,1,0,0,1,0,1,1,1,1
1110,1,0,0,1,1,1,0,0,0,0,0,0,0,1,0,1,0,0,0,1,0,0,0,0,1,0,1,0,0,1
1111,0,0,1,1,1,1,0,0,1,1,0,0,1,0,0,1,1,1,1,0,1,1,1,0,0,0,0,0,1,1
1112,1,1,0,1,1,0,0,0,0,0,0,0,1,0,0,0,1,1,1,0,1,0,0,0,0,1,0,1,0,1
1113,0,0,1,1,1,0,0,0,0,0,0,1,1,0,0,0,1,0,1,1,1,0,1,0,1,0,0,0,0,1
1114,1,1,1,1,1,0,0,0,1,1,1,0,1,1,0,0,1,1,0,0,0,1,1,0,0,1,0,0,1,1
1115,0,1,1,1,1,1,0,1,1,0,1,1,1,1,0,1,1,1,1,1,1,1,1,0,1,1,0,1,0,1
1116,1,1,1,0,1,0,1,0,1,1,0,1,1,1,0,1,1,1,1,1,0,1,0,0,0,0,0,1,1,1
1117,0,0,0,0,0,0,0,0,0,0,0,1,1,0,0,0,1,1,0,1,0,1,0,1,0,0,0,0,0,0
1118,0,0,0,1,0,1,1,0,1,0,0,0,0,0,0,0,0,0,0,0,0,1,0,0,0,1,0,0,0,0
1119,1,1,1,1,1,0,1,1,0,1,1,1,1,1,0,1,1,1,0,0,1,1,1,1,0,1,1,1,1,1
1120,0,1,1,1,1,1,0,1,0,0,1,1,1,1,0,1,1,1,1,1,1,1,1,0,1,1,0,1,1,0
1121,0,1,0,1,0,0,0,0,0,0,0,1,0,1,0,1,0,0,0,0,1,1,0,0,0,0,0,0,0,0
1122,0,0,0,1,1,0,1,0,0,1,0,1,1,0,0,0,1,0,0,0,1,0,0,0,0,0,0,0,1,1
1123,1,1,1,1,0,0,1,1,0,1,1,0,1,1,0,1,1,1,0,1,0,0,0,1,1,1,1,1,0,1
1124,1,0,1,1,1,1,1,1,1,0,1,1,1,1,0,1,1,1,1,1,1,1,1,1,1,1,1,1,0,1
1125,0,1,0,1,1,0,0,0,0,1,0,0,1,0,0,0,0,1,0,1,1,1,0,0,0,0,0,1,1,1
1126,1,1,0,1,1,1,1,0,0,0,1,0,1,1,1,0,1,1,0,1,1,0,0,0,0,1,0,0,0,1
1127,1,0,1,1,0,0,0,0,0,0,1,0,1,1,0,1,1,1,0,0,1,1,1,1,1,1,1,1,1,1
1128,0,0,0,0,1,1,1,1,0,1,0,1,1,1,0,0,1,0,0,0,0,1,1,0,1,0,1,0,0,1
1129,1,1,0,0,1,0,0,1,1,0,0,0,1,0,0,1,1,1,1,0,1,0,0,0,0,1,0,1,0,1
1130,0,0,0,0,1,1,0,0,1,0,0,1,1,1,0,1,1,0,1,0,0,0,0,0,0,1,0,1,1,1
1131,1,1,0,1,1,0,1,0,0,0,0,1,0,0,0,0,0,1,0,0,0,1,1,0,0,0,0,0,1,1
1132,0,0,0,1,0,1,0,1,0,0,0,0,1,1,0,1,1,1,0,0,0,1,1,1,0,1,0,0,1,1
1133,0,0,0,0,0,0,0,0,0,1,0,0,0,0,0,0,0,0,0,0,0,1,0,0,0,0,0,0,1,0
1134,1,1,1,1,1,1,1,1,1,1,0,1,0,1,0,1,1,1,0,1,1,1,1,0,0,1,0,1,0,1
1135,1,1,1,0,0,0,0,0,0,1,0,1,1,0,0,1,1,1,0,0,0,1,0,0,0,0,0,0,0,0
1136,1,1,1,1,1,1,1,0,0,0,0,1,0,0,0,0,1,1,0,0,0,0,1,0,0,1,0,0,1,1
1137,1,0,1,1,1,0,0,1,1,1,0,0,1,1,0,1,1,1,1,0,0,0,0,0,0,0,0,0,0,0
1138,1,0,0,1,0,0,1,0,0,0,0,0,1,0,0,0,0,1,0,1,0,1,1,1,0,0,0,1,0,1
1139,1,1,0,0,0,0,0,0,0,0,0,0,1,0,0,1,1,1,0,0,1,1,0,0,0,0,0,0,0,1
1140,0,0,1,0,0,0,0,0,0,0,0,0,0,1,0,0,0,1,0,0,0,0,0,0,0,0,0,1,0,1
1141,0,1,0,1,0,0,1,0,0,1,0,0,0,1,0,0,1,1,1,1,1,1,0,1,0,1,0,0,1,1
1142,0,0,0,0,1,0,0,1,0,0,0,0,1,0,0,0,1,1,1,0,0,1,1,0,0,0,0,1,0,0
1143,1,0,0,1,1,0,1,0,1,0,0,0,0,0,0,1,1,1,1,0,1,0,0,0,0,0,1,1,1,1
1144,0,0,0,1,1,0,0,0,0,0,0,0,1,0,0,0,1,1,0,0,1,0,0,0,0,0,0,0,0,1
1145,1,1,1,1,1,1,1,1,0,0,1,1,1,1,1,1,1,0,0,1,1,1,0,0,1,1,0,0,1,1
1146,0,1,0,0,1,1,0,0,1,0,0,0,1,1,1,0,1,1,1,0,1,0,0,0,0,0,0,0,0,1
1147,1,0,1,1,1,0,1,0,0,1,0,0,1,1,0,0,1,1,0,0,1,0,1,1,1,0,1,0,0,1
1148,0,0,0,1,1,0,1,0,0,0,0,0,1,0,0,1,0,0,0,0,1,1,0,0,0,1,0,1,0,1
1149,0,1,0,0,1,0,0,0,0,0,0,0,1,1,0,0,1,1,0,0,0,0,0,0,0,0,0,0,0,1
1150,0,1,0,1,1,1,0,0,0,0,0,1,1,0,0,1,1,1,1,1,1,0,0,0,0,0,0,0,0,1
1151,0,0,1,1,1,0,1,0,0,0,0,0,1,1,1,1,1,1,0,0,1,0,1,1,1,0,0,1,0,0
1152,0,0,1,0,1,0,0,0,1,0,0,1,1,0,0,0,1,1,1,0,0,0,1,0,1,0,0,0,0,1
1153,1,0,0,1,0,1,0,0,1,0,0,0,1,1,0,0,1,0,1,0,1,0,1,1,0,1,0,0,0,0
1154,0,0,0,0,0,0,1,0,0,0,0,0,1,0,0,0,1,0,1,0,0,1,0,1,0,0,0,0,0,1
1155,0,0,0,1,1,0,1,0,0,0,0,1,1,0,0,0,0,1,0,0,1,1,0,0,0,0,0,0,0,1
1156,1,0,1,1,1,1,0,1,1,0,0,0,1,0,0,0,1,1,1,1,1,0,1,0,0,1,0,1,1,1
1157,0,0,0,0,0,1,1,0,1,0,0,0,1,0,0,1,1,1,0,0,0,0,0,0,0,0,0,0,0,0
1158,0,1,0,1,0,0,0,0,0,1,0,0,0,0,0,0,0,0,1,0,0,0,0,0,0,1,1,1,0,1
1159,0,0,0,0,0,0,1,0,1,0,0,0,1,1,0,0,0,1,1,0,0,1,0,0,0,0,0,0,0,1
1160,0,0,0,1,1,0,0,0,0,0,0,0,1,1,0,0,1,0,0,0,1,0,1,0,0,0,0,0,0,1
1161,0,0,0,0,0,0,0,0,0,0,0,1,1,0,0,0,1,0,1,0,0,1,0,0,0,0,0,0,1,1
1162,1,1,0,1,0,0,1,0,0,0,0,1,1,1,0,1,1,0,1,0,0,1,0,0,1,1,0,0,1,0
1163,0,0,0,1,1,1,0,0,0,1,0,0,1,1,0,0,0,1,0,0,0,1,1,0,0,1,0,0,1,0
1164,1,1,0,0,1,1,0,1,0,0,0,0,1,0,1,0,1,1,1,0,1,1,0,0,1,0,0,1,1,1
1165,1,0,0,1,0,0,0,0,0,0,0,0,1,0,0,1,1,1,0,0,0,0,0,0,0,0,0,1,0,1
1166,0,0,0,0,0,0,0,0,1,0,0,0,1,1,0,1,1,0,1,0,0,0,0,0,0,0,0,0,0,1
1167,0,1,1,1,0,0,0,0,0,1,0,0,1,0,0,1,1,1,1,0,0,1,0,0,0,0,1,0,0,1
1168,0,0,0,0,1,0,0,0,0,0,0,0,0,1,0,0,1,1,0,0,1,0,1,0,0,0,0,0,0,1
1169,1,0,0,0,1,1,1,1,0,0,0,1,1,0,0,0,1,1,1,0,0,1,0,0,1,0,1,0,0,1
1170,1,1,1,0,1,0,1,1,1,1,1,1,1,1,0,1,1,1,1,0,1,0,1,1,1,1,1,0,0,1
1171,0,1,0,1,0,1,0,0,0,0,0,0,1,1,0,0,1,0,0,0,1,0,0,0,0,0,0,1,1,0
1172,1,1,1,1,1,0,0,1,1,1,0,1,1,1,0,1,1,1,0,1,1,1,0,0,1,1,1,1,1,1
1173,0,1,1,1,1,0,1,1,1,0,1,0,0,0,0,1,1,1,1,1,0,1,1,0,0,1,0,1,0,1
1174,0,0,1,0,0,0,0,0,0,0,0,0,0,1,0,0,1,0,1,0,0,1,0,0,0,0,0,0,1,1
1175,0,0,0,1,1,0,0,0,0,0,0,0,1,0,1,0,0,1,1,0,0,1,0,0,0,0,0,0,1,1
1176,1,0,0,0,1,0,0,0,0,0,0,0,0,0,0,0,1,0,1,0,0,0,0,0,0,0,0,0,0,1
1177,1,1,0,1,1,0,0,0,0,0,0,0,1,1,0,0,1,1,1,0,0,1,0,0,0,1,1,1,1,1
1178,0,0,0,0,1,1,0,1,0,0,0,1,1,1,0,1,1,0,1,1,1,0,0,0,0,0,0,1,1,1
1179,0,1,0,0,0,0,0,0,0,0,0,0,0,0,0,0,1,0,0,0,0,0,0,0,1,0,0,0,0,1
1180,1,0,1,1,1,1,1,1,0,1,0,0,1,1,0,0,1,1,1,0,1,1,1,1,0,0,1,1,0,1
1181,1,1,0,0,1,0,1,0,0,0,0,1,1,0,0,0,0,1,1,1,0,0,0,0,0,0,0,1,0,0
1182,0,0,0,0,1,1,1,0,1,1,0,0,1,1,0,0,1,0,0,0,1,1,1,0,0,1,0,1,1,0
1183,1,1,0,1,1,0,1,0,0,0,1,0,1,0,0,0,1,0,0,0,1,0,0,0,0,1,0,1,0,1
1184,1,0,0,1,1,0,0,0,0,0,0,0,1,0,0,0,1,0,0,0,0,1,0,0,0,0,0,0,0,0
1185,1,1,1,0,0,1,1,0,0,0,0,0,1,0,0,1,1,0,1,0,0,1,0,1,0,0,0,0,1,0
1186,0,1,1,1,1,0,0,0,0,0,0,0,0,0,0,0,1,1,0,0,0,1,0,0,0,0,0,0,0,1
1187,0,0,1,0,1,1,0,1,0,1,0,0,1,0,0,0,1,1,1,1,0,1,0,0,0,0,0,0,0,0
1188,0,1,0,1,1,1,0,1,1,1,0,0,1,0,0,1,1,1,0,0,1,1,0,0,0,0,0,1,0,1
1189,1,1,1,0,1,1,1,1,1,1,1,1,1,1,0,1,1,1,1,0,1,1,1,1,0,1,1,1,0,1
1190,1,1,1,1,1,0,0,0,1,0,0,0,0,1,0,1,1,1,1,0,1,0,1,0,1,0,0,0,0,1
1191,0,0,1,1,1,0,1,0,1,0,0,1,1,1,0,1,1,1,1,0,1,0,0,0,0,1,1,0,1,0
1192,1,1,0,1,1,1,1,1,0,1,0,0,1,0,0,0,1,1,1,0,0,0,1,0,1,0,0,0,1,0
1193,1,0,0,0,0,0,1,0,1,0,0,0,0,1,0,1,0,1,0,0,1,0,0,0,0,0,0,0,0,0
1194,0,0,0,0,1,1,1,1,0,0,0,1,1,0,0,0,0,1,0,0,0,0,0,0,0,0,0,1,1,0
1195,0,0,0,0,1,1,0,0,0,0,0,0,1,1,0,1,0,1,1,0,1,1,1,0,0,0,1,0,0,1
1196,0,1,0,0,1,0,0,0,0,0,0,0,1,0,0,0,0,1,0,0,0,0,0,0,0,0,0,0,0,0
1197,0,0,0,1,1,0,0,0,0,0,0,0,0,0,0,0,1,0,0,0,1,0,0,1,0,0,0,0,0,0
1198,0,0,0,0,0,0,0,0,0,1,0,0,1,1,0,0,1,0,1,0,0,0,0,0,0,0,0,0,0,1
1199,1,1,1,1,1,0,0,0,0,0,1,0,1,1,1,1,1,1,1,1,0,1,1,0,0,1,0,0,0,1
1200,1,0,1,0,1,1,0,0,0,0,0,0,0,1,0,1,1,1,1,0,1,1,0,1,0,0,0,1,0,1
1201,1,1,1,0,1,0,0,1,0,0,0,0,1,0,0,0,1,1,1,1,1,0,0,0,0,1,0,1,1,1
1202,0,0,0,1,1,0,0,0,1,1,0,0,1,1,0,0,1,1,0,0,0,0,0,0,0,0,0,1,0,1
1203,0,1,1,1,1,1,1,0,1,1,1,0,1,1,1,0,1,0,1,0,1,1,0,0,1,0,0,1,0,1
1204,0,0,0,1,1,0,1,1,1,1,0,1,1,1,0,1,1,1,0,1,1,1,1,0,1,0,0,1,1,1
1205,0,1,1,1,0,0,0,1,0,0,0,0,1,0,0,0,1,1,1,0,1,1,0,1,1,0,0,0,0,0
1206,0,1,1,1,1,1,1,0,1,1,1,1,1,1,1,0,1,1,1,1,1,1,1,1,0,0,1,0,0,1
1207,1,1,1,0,1,1,0,0,0,0,0,0,1,0,0,1,1,1,1,1,0,1,1,0,0,1,0,1,1,1
1208,0,1,0,1,1,0,1,0,0,1,0,0,0,0,0,0,1,1,1,0,0,0,0,0,0,1,0,0,0,1
1209,1,1,0,1,1,0,0,1,1,1,0,0,1,1,0,1,1,1,1,1,1,1,1,0,0,1,0,1,1,1
1210,1,1,0,1,1,1,1,1,0,1,1,1,1,1,1,1,1,1,1,1,1,1,1,1,0,1,1,1,0,1
1211,0,0,0,1,1,0,0,0,0,0,0,0,0,0,0,0,0,0,0,0,0,0,0,0,0,0,0,0,1,1
1212,0,0,0,0,1,0,0,0,0,0,0,0,0,0,0,1,0,1,1,0,0,0,0,1,0,0,0,0,0,0
1213,0,0,0,1,1,0,0,0,0,0,0,0,0,1,0,0,1,1,1,1,0,1,0,0,0,1,0,1,1,1
1214,1,1,1,1,1,0,1,1,0,0,0,1,0,1,0,1,1,1,1,0,1,1,1,0,1,0,0,1,0,0
1215,0,0,0,0,1,0,0,1,0,1,0,0,0,1,0,0,1,0,1,0,1,0,0,0,0,0,1,0,1,1
1216,0,0,0,1,1,1,1,0,0,0,1,1,1,0,0,1,1,1,0,0,1,0,0,0,1,0,0,0,0,1
1217,0,1,1,1,1,0,1,0,1,1,0,0,1,0,0,1,1,1,1,0,1,1,0,1,1,1,0,0,1,1
1218,1,1,1,1,0,0,1,1,0,1,0,1,1,1,1,0,1,0,1,0,1,1,1,0,0,1,0,1,0,1
1219,0,1,1,1,1,0,1,1,1,1,0,1,0,1,1,0,1,1,1,0,1,1,1,1,0,1,0,1,1,1
1220,0,1,1,1,1,1,1,0,1,0,1,1,1,0,0,0,1,1,0,0,1,1,0,0,1,1,1,0,1,1
1221,0,0,0,1,1,0,0,1,1,1,0,0,1,0,0,1,1,1,0,0,1,0,0,0,0,0,0,1,1,0
1222,0,1,1,1,1,0,0,1,0,0,0,0,0,1,0,1,1,1,0,1,1,1,1,0,1,0,0,0,0,1
1223,1,1,1,0,1,0,0,1,0,0,0,0,1,0,1,1,1,1,1,0,1,0,0,0,0,1,0,0,0,1
1224,0,1,0,1,1,0,0,1,0,0,0,1,1,0,0,0,0,0,1,0,1,0,0,1,0,1,0,0,0,1
1225,1,1,0,1,1,0,0,0,1,1,0,1,1,1,0,1,1,1,0,0,1,0,0,0,0,1,0,1,0,1
1226,1,0,0,1,1,1,1,1,1,1,0,1,1,1,1,1,1,1,1,1,1,1,0,0,0,1,1,0,1,1
1227,1,1,1,1,1,1,1,1,1,1,1,0,1,1,0,1,1,1,1,1,1,1,0,1,1,1,1,1,1,1
1228,1,1,1,1,1,0,1,0,0,1,0,0,0,1,0,1,0,0,0,1,0,0,0,0,0,1,0,0,0,1
1229,0,0,0,1,1,0,0,0,0,1,0,0,0,1,0,1,1,0,0,0,1,1,0,1,0,1,0,0,1,1
1230,0,0,0,0,0,0,1,0,0,1,0,1,0,1,0,1,1,0,1,0,0,0,0,0,0,0,0,0,0,1
1231,0,0,1,0,1,0,0,0,0,0,0,0,0,0,0,0,1,0,1,0,1,0,0,0,0,1,0,0,1,1
1232,1,1,1,0,1,1,0,1,0,0,1,1,1,0,0,0,1,0,1,0,0,1,1,0,0,0,0,1,1,0
1233,0,0,0,0,1,0,0,0,0,0,0,0,1,0,0,1,1,1,0,0,0,1,0,0,0,1,0,0,0,1
1234,0,1,0,1,0,0,0,0,0,1,0,0,1,0,0,0,1,1,1,1,0,1,0,1,0,1,0,0,0,1
1235,0,0,1,0,1,0,1,0,0,0,0,1,1,0,0,0,1,1,0,0,1,0,0,0,0,0,0,0,1,1
1236,0,1,0,1,1,1,0,0,0,1,0,1,1,0,0,1,1,0,0,0,1,1,1,0,0,1,0,1,1,1
1237,0,0,0,0,0,0,0,0,0,0,0,0,0,0,0,0,0,0,0,0,0,0,0,0,0,1,0,0,1,0
1238,1,1,1,0,0,1,0,1,0,0,1,0,1,1,0,1,1,1,1,0,1,1,0,1,0,1,0,1,1,1
1239,1,0,0,0,1,1,0,0,1,0,0,0,1,0,0,0,1,1,0,0,0,1,1,0,0,0,0,0,0,1
1240,0,0,0,0,1,0,0,1,1,1,1,0,1,0,1,1,1,1,1,0,1,1,1,1,1,1,1,1,1,1
1241,0,0,0,1,0,0,0,0,1,0,0,0,1,0,0,1,0,0,1,0,0,0,0,0,0,1,0,0,1,0
1242,0,0,0,1,1,0,1,0,0,1,0,0,1,1,0,0,0,1,0,0,1,1,0,0,0,0,0,0,0,1
1243,1,1,0,1,1,0,1,0,1,1,0,1,1,0,0,1,1,1,1,0,1,1,1,0,0,0,1,1,1,1
1244,0,0,0,0,1,0,0,0,1,0,0,1,1,0,0,0,0,0,0,0,0,0,0,0,0,0,0,1,0,1
1245,0,0,1,1,1,0,0,0,0,0,0,1,1,0,0,1,1,1,0,0,1,1,0,1,0,0,0,0,1,1
1246,1,1,1,1,1,0,1,1,1,1,0,1,1,1,0,1,1,1,1,1,1,1,1,1,1,0,1,0,1,1
1247,1,0,0,0,1,0,0,0,0,0,0,1,1,1,0,1,1,1,0,0,1,1,1,0,0,0,0,0,0,0
1248,1,1,1,1,1,1,0,1,0,1,0,1,1,1,0,1,1,1,1,1,1,1,0,0,0,0,0,1,1,1
1249,0,0,0,1,0,0,0,0,0,0,0,1,1,0,0,0,1,0,1,0,0,0,0,0,0,0,0,0,0,0
1250,0,0,0,0,1,0,0,1,0,0,0,0,0,0,0,0,1,1,0,0,0,0,1,0,0,0,0,0,1,1
1251,1,1,1,1,1,1,1,0,0,0,1,0,1,0,1,1,1,1,1,1,1,1,1,0,0,0,0,1,1,1
1252,1,1,1,1,1,1,1,0,0,1,0,0,1,1,0,1,1,1,1,0,1,0,1,0,1,0,1,0,1,1
1253,1,0,0,0,1,0,1,0,0,0,0,1,1,1,0,0,1,1,0,0,0,1,0,0,0,0,0,0,0,0
1254,0,0,0,0,0,0,1,0,1,0,0,0,0,0,0,0,1,1,0,0,0,0,0,1,0,1,0,0,0,1
1255,1,1,0,0,1,0,1,0,1,0,1,0,1,1,0,0,1,1,1,0,1,1,0,0,0,0,0,0,0,1
1256,1,0,1,0,1,1,0,0,0,1,1,0,0,1,0,1,0,1,1,0,1,1,1,0,0,1,1,1,1,1
1257,0,0,0,0,0,0,0,0,0,1,0,0,0,0,0,0,1,1,0,1,0,0,0,0,0,1,0,0,1,0
1258,1,1,0,1,1,1,0,0,0,0,1,1,0,0,1,0,1,1,1,0,0,1,0,0,0,0,0,0,1,0
1259,1,1,0,0,0,1,1,1,0,0,0,1,1,0,0,1,1,1,0,0,1,0,1,1,0,1,0,1,1,1
1260,0,1,0,1,1,0,1,1,0,0,0,1,0,1,0,1,1,1,1,1,1,0,0,1,0,1,0,1,0,1
1261,0,0,0,1,1,0,0,1,0,0,0,0,0,1,0,0,1,1,0,1,1,1,0,0,0,1,0,0,0,1
1262,1,1,1,1,1,0,1,1,1,0,0,1,1,1,0,1,1,1,0,1,0,1,1,0,0,0,0,1,0,1
1263,0,1,0,1,1,0,0,0,0,0,0,1,1,1,0,1,1,0,1,0,0,1,0,0,0,1,0,1,0,1
1264,0,0,0,0,1,1,1,0,0,0,0,0,1,1,0,0,1,1,1,0,0,1,0,0,0,0,0,0,0,1
1265,0,1,0,1,1,1,0,0,1,1,1,1,1,1,1,1,1,1,1,1,1,1,1,0,0,1,1,0,0,1
1266,1,0,0,1,1,0,1,1,0,1,0,1,1,1,0,0,1,1,1,0,0,1,1,1,0,0,0,1,0,1
1267,1,1,0,0,1,1,1,0,1,0,0,0,1,0,0,1,1,1,0,0,1,0,1,0,1,0,0,1,0,0
1268,0,0,0,0,0,1,0,0,0,0,0,0,0,0,0,1,1,0,0,0,0,0,0,0,0,0,0,0,0,1
1269,1,0,0,1,1,0,0,0,1,0,0,0,1,1,0,0,1,1,0,0,1,0,0,0,0,0,0,1,0,0
1270,0,0,0,0,0,0,0,0,1,0,0,0,1,0,0,0,0,1,0,0,1,1,0,1,0,0,1,1,1,0
1271,0,0,0,1,1,0,1,1,0,1,0,0,0,1,0,1,1,1,1,1,0,1,0,1,1,0,0,1,1,1
1272,1,0,1,1,1,1,1,1,0,0,0,0,1,1,1,0,1,0,1,1,0,0,0,1,0,1,0,1,1,1
1273,1,1,1,1,1,1,1,1,1,1,1,1,1,1,0,1,1,1,1,1,1,1,1,1,1,1,1,1,1,1
1274,0,1,0,1,1,1,0,1,1,0,0,0,1,0,0,1,1,1,1,1,0,1,1,0,0,0,0,0,0,1
1275,0,1,0,0,1,1,0,0,0,1,0,0,0,0,0,0,1,1,0,0,1,0,0,0,0,0,0,0,0,1
1276,1,1,1,1,1,1,0,1,0,1,1,1,1,1,0,1,1,1,1,1,1,1,1,1,1,1,1,1,1,1
1277,0,0,0,0,1,0,0,0,0,0,0,0,0,0,0,0,0,0,1,0,0,1,1,0,1,0,0,0,0,1
1278,0,0,0,1,1,0,1,0,0,0,0,1,1,0,0,1,1,1,1,1,1,0,1,0,0,0,0,1,0,1
1279,1,1,1,0,1,0,1,1,1,1,0,1,1,1,1,1,1,1,1,1,1,1,1,0,1,1,0,1,1,1
1280,0,0,1,0,0,0,1,0,0,0,0,1,1,1,0,0,0,0,1,0,0,0,1,0,0,0,0,1,1,1
1281,1,0,1,1,1,1,0,0,1,0,0,1,1,0,0,1,1,1,0,0,0,1,1,0,0,1,0,0,1,1
1282,0,0,0,0,1,0,0,0,0,0,0,0,1,1,0,1,0,0,0,0,1,0,0,0,0,0,0,0,0,0
1283,0,1,0,1,0,1,0,0,0,0,0,0,1,0,0,0,1,1,0,0,0,1,0,0,0,1,0,1,1,1
1284,0,1,0,0,1,0,1,1,1,1,0,0,0,0,0,0,1,1,0,0,0,1,0,0,0,0,0,0,0,1
1285,1,0,1,1,1,1,1,1,1,0,0,0,1,0,0,1,1,1,1,1,1,0,0,0,1,0,0,0,0,1
1286,1,0,0,0,0,0,0,0,0,0,0,0,0,0,0,0,1,1,0,1,0,0,0,0,0,0,0,1,0,1
1287,0,0,1,1,1,0,0,1,0,0,0,0,1,1,0,0,1,1,0,0,0,0,1,0,0,0,1,0,0,1
1288,0,0,0,0,0,0,0,0,0,0,0,0,0,0,0,0,1,1,1,0,0,0,0,0,0,0,0,0,0,0
1289,1,0,1,1,1,0,1,1,0,0,0,1,1,0,0,0,0,1,0,0,0,0,0,0,0,1,0,1,1,0
1290,0,0,0,0,1,0,0,0,0,0,0,0,0,0,0,1,0,1,0,1,0,0,1,0,0,0,0,0,0,0
1291,1,1,1,1,0,0,1,0,0,0,0,1,1,1,0,1,1,1,1,0,0,1,1,1,1,1,0,0,0,1
1292,0,1,1,0,1,0,1,0,0,0,0,1,1,0,0,0,0,1,0,0,0,0,1,0,0,1,0,0,1,1
1293,1,1,1,0,1,0,0,1,1,1,1,0,1,1,0,0,0,1,1,1,1,1,0,0,1,1,0,1,1,1
1294,1,0,0,1,1,0,1,1,0,0,0,1,1,0,1,0,0,1,0,0,1,1,1,0,0,1,1,1,0,1
1295,1,1,0,1,1,0,0,0,1,0,0,1,1,1,0,0,1,1,1,1,0,1,0,0,0,0,0,1,1,1
1296,1,1,0,1,1,1,1,1,1,1,0,0,1,1,0,1,1,1,1,0,1,0,1,0,0,1,1,1,1,1
1297,0,0,0,0,1,1,0,0,0,0,0,0,1,1,0,0,1,1,1,0,1,0,0,1,0,0,1,0,0,1
1298,1,0,0,1,1,1,0,1,0,0,0,0,0,0,0,0,0,1,1,0,0,1,1,1,0,1,0,0,0,1
1299,1,1,0,0,0,0,0,0,0,0,0,0,1,1,0,1,1,1,0,0,0,0,1,0,0,1,0,0,1,1
1300,1,1,0,1,1,1,0,1,1,1,0,1,1,1,0,1,1,1,0,1,1,0,1,1,1,1,1,0,0,1
1301,0,1,1,1,0,0,0,1,0,0,0,1,0,0,0,0,1,1,0,1,0,0,1,0,0,0,0,1,0,1
1302,1,0,0,1,1,0,0,0,0,0,0,1,1,1,1,1,1,1,1,0,1,1,0,0,1,0,1,1,0,1
1303,1,0,0,0,1,0,0,0,0,0,0,0,1,1,0,0,1,1,1,0,1,1,0,0,0,1,0,0,1,1
1304,0,0,0,1,1,0,1,0,0,0,0,0,1,0,0,1,1,0,1,0,0,0,0,1,0,0,0,0,1,1
1305,0,0,1,1,1,0,0,0,0,1,0,1,1,1,1,0,1,1,1,0,0,0,1,0,0,1,0,0,1,1
1306,0,0,1,0,1,0,0,1,0,0,0,0,0,0,0,0,0,1,1,0,0,0,0,0,0,0,0,0,0,1
1307,1,1,0,1,1,0,0,1,0,0,0,0,1,0,0,1,1,1,1,0,0,0,0,0,1,0,0,0,0,0
1308,1,0,1,1,1,0,0,0,1,0,0,0,1,1,0,0,0,1,1,0,1,0,1,0,0,1,1,0,1,0
1309,0,0,0,1,0,1,0,0,1,1,0,0,1,0,0,1,1,0,1,1,1,0,1,0,0,1,0,0,1,1
1310,0,0,0,0,1,0,0,0,0,0,0,0,0,1,0,0,1,0,0,0,1,0,1,0,0,1,0,0,0,1
1311,0,0,0,1,0,0,0,0,0,0,0,0,1,0,0,0,0,0,0,0,0,0,0,0,0,0,0,0,0,0
1312,0,1,0,1,0,0,1,0,0,1,0,0,0,1,1,1,1,1,0,0,1,1,0,1,1,1,0,0,1,1
1313,1,1,0,0,0,0,1,0,0,1,0,0,1,0,0,0,0,1,0,0,1,0,0,0,0,0,0,0,0,1
1314,1,0,0,0,1,0,1,0,0,0,0,0,0,0,0,0,1,0,0,0,1,1,0,0,1,0,0,0,1,0
1315,0,1,1,1,1,0,1,1,0,1,1,1,1,1,1,1,1,1,1,1,1,1,1,0,1,1,1,1,0,1
1316,1,1,0,1,1,0,1,1,1,1,1,1,1,1,0,0,1,1,0,1,1,0,1,1,1,1,0,1,1,1
1317,0,0,0,0,0,0,0,0,0,0,0,0,0,0,0,0,1,0,0,0,0,0,0,0,0,0,0,0,0,1
1318,0,1,0,0,0,0,0,0,0,0,0,0,0,0,0,1,1,1,0,0,1,0,0,1,1,0,0,0,0,1
1319,1,0,0,1,1,0,1,0,0,0,0,0,1,0,0,1,1,1,0,0,1,0,0,0,0,0,0,0,0,1
1320,0,1,0,1,1,0,0,0,0,0,0,1,1,1,0,1,1,1,0,1,0,0,0,0,0,0,0,0,0,1
1321,0,0,0,0,1,0,0,0,0,1,0,0,1,0,0,0,1,0,1,0,0,0,0,0,0,0,0,0,1,1
1322,0,1,0,0,1,0,0,0,0,1,0,0,0,0,0,0,0,0,0,0,1,0,0,0,0,0,0,1,0,0
1323,1,1,1,1,1,1,0,1,1,1,1,1,1,1,1,1,1,1,1,0,1,1,1,1,1,1,1,1,0,1
1324,1,1,1,0,1,0,1,1,0,0,0,1,1,0,0,0,0,1,0,0,0,1,0,1,0,0,0,1,0,1
1325,1,0,0,1,0,0,1,0,0,0,0,0,1,0,0,1,1,0,1,0,1,1,0,0,0,1,0,0,1,0
1326,1,0,1,1,0,0,0,0,0,0,1,0,1,1,1,1,1,1,0,0,1,1,0,1,0,1,0,1,1,0
1327,1,1,1,0,1,1,0,0,0,0,0,0,1,0,0,0,0,1,1,1,1,0,1,0,0,0,0,0,0,0
1328,1,0,0,1,1,0,1,1,0,0,1,0,0,0,0,0,0,0,1,0,0,0,0,0,0,1,0,0,0,1
1329,0,0,0,0,1,0,0,0,1,0,0,0,1,0,0,0,0,0,0,0,0,0,0,0,0,1,0,0,1,1
1330,1,1,1,1,1,0,0,1,1,1,1,1,1,1,1,1,1,1,1,1,1,1,1,1,1,1,1,0,1,1
1331,0,1,0,0,1,0,0,1,1,1,1,0,1,0,0,1,1,1,1,0,1,1,1,0,1,1,1,1,0,0
1332,0,1,1,1,0,1,1,0,1,0,0,0,1,0,1,1,0,0,0,0,1,0,0,0,0,0,0,0,0,0
1333,1,0,1,1,1,1,1,1,1,1,0,1,0,1,0,1,1,1,0,1,0,1,0,1,1,1,1,1,0,1
1334,1,1,1,0,1,0,0,0,1,0,1,1,1,1,0,0,1,1,1,0,1,1,0,0,0,1,0,1,1,0
1335,1,1,1,1,1,0,0,0,1,1,1,1,1,1,1,1,1,1,1,1,1,1,1,1,0,1,0,1,0,1
1336,0,1,0,0,1,0,0,1,0,1,0,1,1,1,0,1,1,1,1,1,1,0,1,0,0,1,0,1,0,0
1337,1,1,1,1,1,1,1,1,1,1,0,1,0,1,0,1,1,1,1,1,1,1,1,0,1,1,1,1,1,1
1338,1,0,1,1,0,0,0,1,0,0,1,0,1,0,0,1,1,1,0,0,1,1,1,0,0,1,0,0,0,1
1339,1,1,0,1,1,0,1,1,0,0,1,1,1,1,0,1,1,1,1,1,1,1,0,0,0,1,0,1,1,1
1340,1,1,0,0,0,0,0,0,0,0,0,0,1,0,0,1,1,1,1,0,1,1,1,1,0,1,1,0,0,1
1341,1,0,1,0,1,0,0,0,1,0,1,0,1,1,0,0,1,1,0,0,0,0,1,0,1,0,0,0,0,1
1342,0,0,0,1,1,0,0,0,0,1,0,1,1,0,0,0,0,1,1,0,1,0,0,1,0,0,0,0,1,1
1343,0,1,1,1,1,1,1,0,1,1,0,0,1,0,0,0,1,1,1,0,1,1,1,0,0,1,0,1,1,1
1344,1,0,0,1,0,0,1,0,1,0,1,1,1,0,0,0,0,1,0,0,0,0,0,0,0,0,0,1,0,1
1345,0,0,0,0,0,0,0,0,1,0,0,0,0,0,0,0,0,0,0,0,0,0,0,0,0,1,0,0,0,0
1346,0,0,1,1,1,0,0,0,0,0,0,0,1,1,0,1,1,0,0,0,1,0,1,0,0,0,0,0,1,1
1347,0,1,0,1,1,0,0,0,0,0,1,0,1,1,0,0,1,1,1,0,1,1,1,1,0,0,0,1,0,1
1348,1,0,0,1,1,1,1,0,0,0,0,0,1,1,0,0,1,0,1,0,0,0,0,0,0,0,1,1,0,1
1349,0,0,0,1,0,0,0,0,0,0,0,0,0,0,0,0,1,1,0,0,1,0,0,0,0,0,0,0,0,1
1350,0,1,0,0,1,0,0,0,0,0,0,0,0,0,0,0,1,1,1,0,1,0,0,0,1,0,0,1,1,1
1351,1,0,1,1,1,1,1,1,1,0,0,1,0,0,0,1,1,1,1,0,1,1,0,0,0,0,0,0,1,0
1352,0,0,0,1,1,1,0,0,0,0,0,0,1,0,0,0,0,1,1,0,0,1,0,0,0,1,0,0,0,1
1353,1,0,0,0,1,0,0,0,0,0,0,0,0,0,0,0,0,1,1,0,0,0,0,0,0,0,0,0,0,1
1354,1,1,1,1,1,1,0,0,0,1,0,0,1,1,0,1,1,1,1,1,1,1,0,0,0,1,0,1,0,1
1355,0,1,0,0,1,1,1,0,1,0,0,0,1,0,0,1,1,1,0,1,0,1,0,0,0,0,0,1,1,1
1356,0,0,0,1,1,0,1,0,0,0,0,0,0,0,0,0,0,1,0,0,0,0,0,0,0,0,0,0,0,1
1357,1,0,0,0,0,0,1,0,0,0,0,0,0,0,0,0,1,0,0,0,0,1,0,0,0,0,0,0,0,1
1358,0,1,0,0,0,1,1,1,0,0,1,0,1,0,1,1,1,0,0,0,1,0,1,0,0,0,0,1,1,1
1359,1,0,1,0,1,1,0,0,1,0,0,1,0,1,0,1,1,0,1,0,0,0,0,0,0,1,0,0,0,1
1360,0,0,0,1,0,0,0,0,0,0,0,0,0,0,0,0,0,1,0,0,0,0,0,0,0,0,0,0,0,0
1361,0,0,0,1,1,0,0,0,0,0,0,1,0,0,0,0,1,0,0,0,0,0,0,0,0,0,0,1,0,1
1362,0,0,1,1,1,0,0,0,0,1,0,1,1,1,0,0,1,1,0,0,1,0,1,1,0,1,1,0,1,1
1363,0,1,0,1,1,1,0,0,0,0,0,1,0,0,0,0,1,1,1,0,1,1,0,0,0,0,0,0,1,0
1364,0,0,0,0,1,1,1,0,0,0,0,1,0,0,0,1,1,1,0,0,0,1,0,0,0,0,0,1,1,1
1365,0,1,1,1,1,1,1,0,1,1,0,1,1,0,1,1,1,1,1,0,1,1,0,0,1,1,1,0,1,1
1366,0,0,0,0,0,0,1,1,0,0,0,0,1,0,0,0,0,0,0,0,1,0,0,0,0,0,0,0,0,1
1367,0,0,0,1,1,0,0,0,1,1,0,0,1,0,0,1,1,1,0,1,0,1,1,0,0,1,0,1,1,0
1368,0,1,0,1,1,0,0,0,1,0,0,0,0,0,0,0,1,0,1,1,0,0,1,0,0,1,0,0,0,0
1369,1,0,0,0,0,0,1,0,0,0,0,0,0,0,0,0,0,0,0,0,0,0,0,1,0,1,0,0,0,1
1370,0,0,0,1,1,0,0,0,0,0,0,0,1,0,0,0,0,0,0,0,0,0,0,0,0,0,0,0,0,0
1371,0,0,0,0,1,0,0,0,0,0,0,0,1,1,0,0,0,1,1,0,0,0,0,0,0,0,0,0,0,0
1372,0,0,0,0,0,0,1,0,0,0,0,0,1,0,0,0,0,0,0,0,0,0,0,0,0,1,0,0,0,1
1373,0,1,0,1,1,1,0,0,0,0,0,1,1,1,0,1,1,1,1,0,1,0,0,1,0,1,1,0,1,1
1374,1,1,0,1,1,1,0,0,1,0,0,1,1,1,0,1,1,0,1,0,1,1,0,0,0,1,0,1,0,1
1375,1,0,1,1,1,1,0,1,1,0,0,0,1,1,1,0,1,1,1,0,1,0,0,1,0,1,0,0,1,1
1376,0,0,0,1,1,0,0,0,0,0,0,1,1,0,0,0,0,1,0,0,0,0,0,0,0,1,0,0,0,0
1377,0,0,0,0,0,0,0,0,0,0,0,0,0,0,0,0,0,0,0,0,0,0,0,0,0,0,0,0,0,0
1378,1,1,0,0,1,0,0,1,0,0,0,0,1,0,0,1,1,1,1,0,1,1,1,0,1,1,0,0,1,1
1379,0,1,1,0,1,1,0,1,0,0,1,1,1,0,0,1,1,1,1,1,1,0,0,0,0,1,0,0,1,1
1380,1,1,0,1,1,0,1,1,1,1,1,1,1,0,0,1,1,1,1,0,1,1,1,0,0,1,1,1,1,1
1381,0,0,1,0,1,0,0,0,0,1,0,1,1,1,0,0,0,1,0,1,0,0,0,0,0,1,0,0,0,1
1382,1,0,0,0,0,1,0,1,0,0,0,0,0,0,0,0,0,0,0,0,0,0,0,0,0,0,0,0,0,1
1383,0,0,0,0,1,0,1,0,1,0,1,0,1,0,0,0,1,0,1,0,0,0,1,0,0,1,1,0,1,1
1384,0,0,1,1,1,0,1,0,0,0,0,1,0,0,0,1,1,1,1,0,1,1,0,0,0,0,0,1,1,1
1385,1,1,1,1,1,1,0,1,1,1,1,1,1,1,1,1,1,1,1,1,1,1,1,1,1,1,1,1,1,1
1386,0,1,1,0,1,0,1,1,0,0,0,0,0,0,1,0,1,1,0,0,1,0,1,0,0,1,0,0,0,1
1387,1,0,0,0,0,0,0,0,0,0,0,0,1,0,0,0,1,1,1,0,1,1,0,0,0,1,0,0,0,0
1388,1,1,0,0,0,1,0,1,0,0,0,1,0,1,0,1,1,1,0,1,1,1,1,0,0,1,0,0,1,1
1389,1,1,0,1,1,1,0,0,1,1,0,1,0,1,0,1,1,1,1,1,1,1,0,0,0,0,0,1,0,1
1390,0,0,0,0,1,0,0,0,0,0,0,0,0,0,0,0,1,0,0,0,0,0,0,1,0,0,0,0,0,1
1391,0,0,0,0,1,1,0,0,0,0,0,0,1,0,0,0,1,1,0,0,0,0,0,0,0,0,0,0,0,0
1392,0,1,0,0,0,0,0,0,1,0,0,0,0,0,0,0,1,0,0,0,0,0,0,1,0,0,1,0,1,0
1393,1,1,1,1,1,1,1,1,0,1,1,1,1,1,1,1,1,1,1,1,1,1,1,1,0,0,0,0,1,1
1394,0,0,0,0,0,0,0,0,0,0,0,0,1,0,0,0,1,0,0,0,0,0,0,0,0,0,0,1,0,0
1395,0,1,1,1,1,1,1,0,0,0,0,1,1,1,0,1,1,1,0,0,1,1,0,0,0,0,0,0,1,0
1396,0,1,1,0,1,1,1,1,0,0,0,1,1,0,0,1,1,0,1,0,0,0,0,0,0,0,0,1,1,1
1397,1,0,0,0,1,0,0,0,1,0,0,1,1,1,0,1,1,1,1,0,1,0,0,0,0,1,0,0,1,1
1398,0,1,0,0,0,1,0,0,0,0,0,0,0,1,0,1,1,1,0,1,0,0,0,0,0,0,0,0,0,1
1399,0,0,1,1,1,0,0,1,0,0,0,0,0,1,0,0,1,1,0,0,1,0,0,0,1,0,0,1,1,1
1400,0,0,1,1,1,0,1,1,0,0,1,1,1,0,0,1,1,1,0,1,1,1,0,0,0,0,0,1,1,1
1401,0,1,1,1,1,0,0,0,0,0,0,1,1,1,1,0,0,1,0,0,1,0,0,0,0,0,1,0,0,1
1402,1,1,0,0,1,0,1,1,1,1,0,1,1,1,0,1,1,1,1,0,1,1,1,1,0,1,1,0,1,1
1403,1,0,0,0,0,1,1,0,0,0,0,0,1,0,0,0,0,0,0,1,0,0,0,0,0,0,0,0,1,0
1404,0,0,0,0,1,0,0,0,0,0,0,0,1,1,0,0,0,0,1,0,1,0,1,0,0,0,0,0,0,1
1405,0,0,0,0,1,1,1,0,0,0,1,1,0,0,0,0,1,1,0,0,0,0,0,0,0,1,0,1,1,0
1406,0,0,0,1,1,0,1,0,0,0,0,1,1,0,0,0,0,1,0,0,0,0,0,0,0,0,0,0,0,1
1407,1,0,0,1,1,0,1,0,0,1,0,0,1,0,0,1,1,1,1,1,1,0,1,1,0,1,1,1,0,1
1408,1,1,1,1,1,1,0,1,1,1,1,1,1,1,0,1,1,1,1,1,1,1,1,0,0,1,1,0,1,1
1409,0,0,0,1,1,0,0,1,0,0,0,0,1,1,0,0,1,1,1,0,1,1,0,0,1,0,0,0,0,1
1410,0,1,1,1,1,1,1,1,0,1,0,0,1,1,0,1,1,1,1,1,1,1,0,0,1,1,1,0,0,1
1411,1,1,0,1,1,1,0,1,0,0,1,1,0,1,0,1,1,1,1,1,1,0,1,0,1,0,0,1,1,1
1412,0,1,1,1,1,0,1,0,0,0,0,0,0,1,0,0,1,0,1,1,1,0,1,1,0,0,0,0,1,1
1413,0,0,0,0,0,0,0,0,0,0,0,0,1,0,0,0,1,1,0,0,1,0,0,0,0,0,0,0,0,0
1414,1,1,0,0,0,0,1,0,0,0,0,0,1,0,0,1,1,1,0,0,0,0,1,0,0,0,0,0,1,1
1415,1,0,0,1,1,0,0,1,0,0,1,0,1,1,0,0,1,0,0,1,0,0,0,0,0,1,0,0,1,1
1416,1,1,1,0,1,1,1,0,1,0,1,1,1,1,1,0,0,1,0,0,0,0,1,0,0,1,0,0,0,0
1417,0,1,0,0,0,0,0,0,1,1,0,0,1,0,0,0,1,0,1,0,1,0,1,0,0,1,0,0,0,1
1418,0,1,0,1,1,0,0,0,1,0,0,0,1,1,0,0,1,1,0,0,1,1,0,0,0,0,1,1,1,1
1419,0,0,0,0,0,0,0,0,0,0,0,0,1,0,0,0,0,0,0,0,0,0,0,1,0,0,0,0,0,0
1420,1,1,1,1,1,0,0,1,1,1,1,0,1,1,1,1,1,1,0,1,1,1,1,1,1,1,1,1,1,1
1421,1,1,1,0,1,1,1,1,0,1,0,1,1,1,0,0,1,1,1,0,0,1,1,1,1,0,0,0,1,1
1422,1,0,1,1,1,1,0,1,1,1,1,0,1,1,0,0,1,1,1,0,0,0,1,0,0,0,1,0,1,1
1423,1,1,1,1,1,0,1,1,1,1,0,1,1,1,0,1,1,1,1,1,0,1,1,1,0,0,1,1,0,1
1424,1,1,1,1,0,0,0,1,0,1,0,1,1,1,1,1,1,1,1,0,1,1,0,0,0,1,0,0,0,1
1425,1,1,0,1,0,0,1,0,1,0,0,0,0,1,0,1,1,1,0,1,1,1,1,1,0,0,0,1,0,1
1426,1,0,0,0,1,0,0,0,0,0,0,0,1,0,1,0,1,1,1,0,0,0,0,0,0,1,0,1,1,1
1427,1,1,1,1,1,0,0,0,0,0,0,0,1,0,0,1,1,1,0,0,0,1,0,0,0,0,0,0,0,0
1428,1,0,0,0,0,0,0,0,1,0,0,0,1,0,0,1,0,1,0,0,0,0,0,0,0,0,0,0,0,1
1429,0,1,0,1,1,0,1,0,0,1,1,0,1,1,0,1,1,1,1,0,1,0,0,0,1,0,0,1,0,1
1430,1,1,1,1,1,0,1,1,0,1,0,1,1,1,0,1,1,1,1,1,1,1,1,1,1,1,0,0,0,1
1431,1,0,0,0,0,0,0,0,1,0,0,1,0,0,0,0,0,0,1,0,1,0,0,1,0,0,0,0,0,1
1432,0,1,1,1,1,1,0,1,1,1,1,0,1,0,0,1,1,1,1,0,1,1,1,1,0,0,1,1,1,1
1433,0,0,0,1,0,0,0,0,0,0,0,0,1,0,1,0,0,1,0,0,0,0,0,0,0,0,0,0,0,1
1434,0,1,1,1,1,0,1,0,1,1,1,0,1,0,0,1,1,1,1,1,0,0,0,0,0,1,0,0,0,1
1435,1,1,1,0,1,0,0,1,1,1,1,1,1,1,0,1,1,1,1,1,1,1,1,0,0,1,0,0,1,1
1436,1,0,0,1,1,1,0,1,1,1,1,1,1,1,0,1,1,1,1,1,1,1,0,1,0,1,0,1,1,1
1437,0,1,1,1,1,1,1,1,1,0,1,0,0,1,0,0,1,1,1,1,1,1,1,1,1,1,1,1,1,1
1438,0,1,0,1,1,0,0,1,0,0,1,1,1,1,1,1,1,1,1,0,1,1,0,1,0,1,1,0,0,1
1439,0,0,0,0,0,0,0,0,0,0,0,0,0,0,0,0,0,0,0,0,0,0,0,0,0,0,0,0,0,0
1440,0,1,0,0,1,0,1,1,1,1,0,1,1,0,0,0,1,1,1,1,0,1,1,0,1,1,0,0,1,0
1441,0,0,1,0,1,0,1,0,0,1,0,0,1,1,0,0,0,1,0,0,1,0,0,0,0,0,1,0,1,1
1442,0,0,0,1,1,1,0,0,1,0,0,0,0,1,0,1,0,1,0,1,0,1,0,1,0,0,0,1,0,1
1443,0,0,1,0,1,0,0,0,0,0,0,1,1,1,0,0,1,0,1,0,1,1,0,0,1,0,0,0,0,0
1444,0,0,0,0,1,0,0,0,0,0,0,0,1,0,0,0,0,1,0,1,0,0,0,0,0,0,1,0,0,0
1445,1,1,1,1,0,1,1,0,0,0,0,1,1,0,0,1,1,1,1,0,1,1,0,0,0,1,0,1,0,1
1446,1,1,0,1,1,1,1,1,1,1,0,1,1,0,0,1,1,1,0,1,1,1,1,0,1,1,1,1,0,1
1447,0,1,1,1,0,0,1,0,0,0,0,0,1,0,0,0,1,1,1,1,0,1,0,0,1,0,0,1,0,1
1448,0,0,0,0,1,0,1,0,0,0,0,1,1,0,0,1,1,1,0,0,1,1,1,1,0,0,0,0,0,1
1449,0,1,1,1,1,1,1,1,1,1,1,1,1,1,0,1,1,1,1,1,1,1,1,1,1,1,1,1,1,1
1450,1,0,0,1,1,0,0,0,0,0,1,0,1,0,0,0,0,0,1,0,0,0,0,1,0,1,0,1,0,0
1451,0,0,0,1,1,0,0,0,0,1,0,0,0,0,0,0,0,1,0,0,0,1,0,0,0,0,0,1,0,1
1452,1,1,1,1,1,0,1,0,1,0,0,1,0,1,1,0,1,1,0,0,1,1,0,1,1,0,0,1,1,1
1453,0,0,0,1,1,0,0,0,1,1,0,0,1,0,0,0,1,1,1,0,0,1,1,0,0,0,0,0,0,0
1454,0,1,0,1,1,0,0,0,0,1,0,1,1,1,0,0,1,0,1,0,0,1,1,0,0,0,0,0,0,0
1455,0,1,0,1,1,1,1,1,1,0,0,0,0,0,0,0,1,1,1,0,0,0,0,1,0,0,0,1,0,1
1456,1,1,1,0,1,1,1,1,1,1,0,0,1,1,0,1,1,1,1,1,1,1,0,1,0,1,1,1,0,1
1457,0,1,0,1,1,1,1,1,1,1,1,0,1,1,0,0,1,1,1,0,1,1,1,1,0,0,0,0,0,1
1458,0,1,1,0,0,0,1,0,1,0,0,1,1,1,0,0,1,1,1,0,0,0,0,0,0,1,0,1,0,1
1459,1,1,1,0,1,1,1,0,0,1,0,0,1,1,1,0,1,1,0,0,0,0,1,0,0,1,1,0,0,1
1460,1,1,0,0,1,0,0,0,0,0,0,0,1,1,0,0,1,1,0,0,0,1,1,0,0,1,0,0,1,0
1461,0,0,0,0,0,0,0,0,0,0,0,0,1,0,0,0,1,1,0,0,0,0,0,0,0,0,1,0,0,1
1462,0,0,0,0,1,0,0,0,1,0,0,1,1,0,0,0,0,1,0,0,1,0,0,0,0,1,0,0,0,1
1463,0,1,1,0,1,1,0,0,1,0,0,0,1,0,0,1,1,1,0,0,1,0,1,0,0,1,0,1,1,1
1464,0,1,0,0,1,0,0,0,0,0,0,0,0,0,0,0,0,1,0,0,0,0,0,0,0,0,0,0,0,1
1465,1,0,1,1,1,1,1,0,0,0,0,1,1,1,0,1,1,1,0,0,1,1,0,0,0,1,0,1,1,1
1466,0,0,0,0,0,0,1,0,1,0,0,1,0,0,1,0,1,0,0,1,1,0,1,0,0,0,0,0,1,1
1467,1,1,1,1,1,1,1,1,1,1,0,0,0,1,1,1,1,1,1,1,1,1,1,0,1,1,0,1,1,0
1468,1,1,0,1,0,0,0,0,0,0,0,0,1,0,0,0,1,1,0,0,1,1,0,0,0,0,0,0,0,1
1469,0,0,0,1,1,1,1,1,0,1,0,1,1,1,0,1,1,1,1,1,1,1,0,1,0,0,1,1,1,1
1470,0,0,0,0,0,0,0,0,0,0,0,0,1,0,0,0,1,1,0,0,0,0,0,0,0,1,0,0,0,1
1471,1,0,1,1,1,0,1,1,1,1,0,1,0,1,1,0,1,1,0,1,1,1,1,0,0,0,0,1,1,1
1472,0,0,1,0,1,0,0,0,0,0,0,0,1,1,0,0,1,1,1,1,1,1,0,0,0,0,0,1,1,1
1473,0,1,0,0,0,1,1,0,1,1,0,0,1,0,0,1,1,1,0,1,1,0,1,0,0,1,0,1,1,1
1474,0,0,0,1,1,1,1,1,0,0,0,0,1,0,1,0,1,1,0,1,0,1,0,0,0,1,0,0,0,1
1475,1,0,0,0,1,0,0,1,0,0,0,0,0,1,0,0,0,0,0,0,1,0,1,1,0,1,0,0,1,1
1476,0,0,1,1,1,1,0,0,1,0,0,1,0,0,0,1,0,1,1,0,1,0,0,0,0,0,0,1,0,1
1477,0,0,0,0,1,0,0,0,0,0,0,0,0,0,0,0,0,1,1,0,1,0,0,0,0,0,0,0,0,1
1478,0,0,0,0,0,0,0,0,0,0,0,0,1,0,0,0,0,0,1,0,0,0,0,0,0,0,0,0,0,0
1479,0,0,0,0,1,0,0,0,0,0,0,0,1,0,0,0,1,1,0,0,0,1,0,0,0,0,1,0,1,1
1480,0,1,1,1,1,0,1,1,1,1,1,1,0,1,0,1,1,1,1,1,0,1,0,1,0,1,0,1,0,1
1481,0,0,1,1,1,1,1,1,1,0,0,0,1,1,0,1,1,1,0,1,1,1,0,1,0,1,1,0,0,0
1482,0,1,0,0,0,0,0,0,0,0,0,0,1,1,0,0,0,1,1,0,1,0,0,0,0,0,0,0,0,1
1483,0,1,0,0,0,1,1,0,0,1,0,1,1,1,0,0,0,1,1,0,1,1,0,0,0,0,1,1,0,0
1484,1,1,0,0,1,0,0,0,0,1,0,0,0,0,0,0,1,1,0,1,1,1,0,0,0,1,0,0,0,1
1485,0,0,1,1,1,0,0,0,0,1,0,0,1,1,0,1,1,0,1,1,1,0,0,0,1,0,0,1,0,1
1486,0,1,0,0,1,0,1,0,1,1,1,0,1,0,0,1,0,1,1,0,1,0,0,1,0,1,0,0,0,1
1487,0,1,1,0,0,0,0,0,1,0,0,1,0,1,0,1,1,0,0,0,0,1,0,0,0,0,0,1,0,1
1488,1,1,1,1,1,1,1,1,1,0,0,1,1,1,1,1,1,1,0,1,1,1,0,1,0,1,0,1,1,1
1489,1,1,1,1,1,0,1,1,1,0,1,1,1,1,0,0,1,1,0,1,1,1,0,1,0,0,1,0,1,1
1490,1,0,1,0,1,0,0,0,1,0,0,0,1,1,0,1,1,1,1,0,0,1,0,1,0,0,0,1,1,1
1491,1,1,1,0,1,0,1,0,1,1,1,0,1,1,1,1,1,1,1,1,1,0,1,0,1,1,1,1,0,1
1492,0,1,0,0,1,1,1,1,0,0,0,0,1,0,0,1,1,1,1,1,1,1,1,0,0,0,1,1,0,1
1493,0,1,1,1,1,0,0,0,0,1,0,1,1,1,0,0,1,1,1,0,1,1,1,0,0,0,0,0,0,1
1494,1,0,0,1,0,0,0,0,0,0,0,0,1,0,0,0,1,0,0,0,1,1,0,0,0,0,0,0,1,0
1495,1,0,0,0,0,1,0,0,0,0,0,0,1,0,0,0,1,1,1,0,0,0,0,1,0,1,0,0,0,0
1496,0,1,1,1,1,0,0,1,0,1,0,1,0,0,0,1,1,1,1,1,0,1,1,1,1,1,1,1,0,1
1497,0,0,0,0,1,0,0,0,0,0,0,0,0,1,0,0,1,0,1,0,1,1,1,1,0,0,0,0,0,1
1498,0,0,0,1,1,0,0,0,0,0,0,0,0,1,0,0,1,0,0,0,1,1,0,0,1,0,0,1,1,1
1499,1,1,0,1,1,0,0,1,0,1,0,0,1,1,0,1,1,0,1,0,1,1,1,0,0,0,0,1,0,0
1500,1,1,0,1,1,1,0,0,0,1,1,1,1,0,1,1,1,1,1,0,1,1,0,0,0,0,0,0,1,1
1501,0,0,1,1,1,0,0,1,0,0,0,0,1,0,0,1,1,0,0,0,0,0,0,0,0,0,0,1,1,1
1502,0,1,0,0,0,0,0,0,0,0,0,0,1,1,0,1,1,1,1,1,1,0,0,0,0,0,0,0,0,1
1503,0,1,1,0,1,1,1,1,0,0,0,0,0,0,0,1,0,1,0,0,0,0,0,0,0,0,0,0,0,1
1504,0,0,0,1,0,0,0,1,0,0,0,0,1,0,0,1,1,1,0,0,0,1,0,0,1,0,0,0,0,1
1505,1,1,1,1,1,0,0,1,1,0,1,0,1,1,1,1,1,1,1,1,0,1,1,1,1,0,1,0,1,1
1506,0,0,0,0,0,0,0,0,0,0,0,0,0,0,0,0,0,0,1,0,0,0,0,1,0,0,0,0,0,1
1507,1,1,0,1,1,0,1,0,0,1,0,0,1,0,0,0,0,1,1,0,1,1,0,1,0,0,1,0,0,0
1508,0,1,0,0,1,1,1,0,1,0,0,1,1,0,0,0,1,1,1,1,1,1,0,0,1,1,0,1,0,1
1509,0,0,1,0,1,1,0,0,1,0,1,1,1,0,0,0,0,1,1,1,1,1,1,0,0,1,1,0,1,1
1510,0,0,0,0,0,0,0,0,0,0,0,0,1,1,0,0,1,1,0,0,1,0,0,1,0,0,0,0,1,1
1511,1,1,0,1,1,1,1,0,0,1,1,1,1,0,0,1,1,1,1,0,1,1,1,0,0,0,1,1,1,1
1512,0,0,0,0,0,0,0,0,0,0,0,0,1,1,0,0,0,0,1,1,0,1,0,0,0,0,0,0,0,1
1513,1,1,1,0,1,0,1,0,0,0,0,1,1,0,0,1,1,1,0,0,1,0,0,0,1,0,0,1,1,0
1514,0,0,0,0,1,0,0,0,0,0,1,1,1,0,0,1,0,1,0,1,1,1,0,0,0,1,0,0,1,1
1515,1,1,0,0,0,1,0,0,1,0,0,0,1,1,0,0,1,0,0,0,1,1,0,0,0,1,0,0,1,0
1516,0,0,0,0,1,0,0,0,0,0,0,0,1,1,0,1,1,1,0,0,1,0,1,1,0,0,0,0,0,0
1517,0,1,1,1,1,1,1,0,1,1,0,1,1,1,0,0,1,1,0,1,1,1,1,0,0,1,0,1,1,1
1518,0,0,1,0,1,0,1,0,0,0,1,1,1,0,0,1,1,1,0,1,0,0,0,0,0,0,0,1,0,0
1519,0,0,0,0,0,0,0,0,0,0,0,0,0,0,0,0,0,0,0,0,0,0,0,0,0,0,0,0,0,0
1520,1,0,0,0,1,0,0,1,1,0,0,0,1,0,0,1,1,0,0,0,0,1,0,0,0,1,0,0,0,1
1521,1,1,1,1,0,1,1,0,1,0,0,1,1,1,0,1,1,0,1,1,1,1,1,1,0,1,1,1,1,1
1522,0,1,1,0,1,0,1,1,0,1,1,1,0,1,1,1,1,1,1,1,1,0,0,1,0,0,0,0,1,1
1523,1,1,0,1,1,0,0,0,0,0,0,0,1,0,0,1,1,1,1,0,1,1,1,1,0,1,0,1,0,1
1524,0,0,0,1,1,0,1,1,0,0,0,0,1,1,0,0,1,1,1,0,0,0,0,0,0,1,0,0,1,1
1525,0,0,0,0,1,0,1,1,1,0,0,0,0,0,0,1,1,1,0,1,0,0,0,0,0,0,1,0,0,1
1526,1,0,0,1,1,0,0,0,1,1,0,0,0,0,0,0,0,1,1,0,1,0,0,0,0,1,0,1,0,1
1527,1,1,0,1,1,1,1,1,1,1,0,0,1,0,1,1,1,1,1,1,1,1,1,1,0,0,1,0,1,1
1528,1,1,0,0,1,0,1,0,0,0,0,0,1,0,0,1,1,1,1,0,0,0,1,1,0,0,0,0,0,1
1529,1,0,0,0,1,0,0,0,0,1,0,1,1,0,0,0,0,1,0,0,1,0,0,0,1,1,0,1,1,0
1530,0,0,1,1,1,0,1,1,1,0,0,1,1,0,0,0,1,1,1,1,1,1,1,0,0,1,0,1,0,1
1531,1,1,0,0,0,0,1,0,0,0,0,0,1,0,0,0,1,0,0,0,0,1,0,1,0,0,0,0,0,0
1532,1,1,0,1,0,1,0,0,1,1,0,0,1,0,0,1,1,1,1,1,1,1,1,0,1,1,1,1,0,1
1533,0,1,0,1,0,0,1,0,0,0,0,1,0,0,0,0,0,0,0,0,0,0,0,0,0,0,0,0,0,1
1534,1,1,1,1,1,1,1,1,1,0,0,0,1,1,1,1,1,1,1,1,1,1,1,1,0,1,1,1,1,1
1535,0,1,0,1,1,0,0,0,0,0,0,0,0,0,0,0,1,1,1,1,0,0,1,0,0,0,0,0,0,1
1536,0,1,0,0,1,0,1,0,0,1,0,1,1,1,0,0,1,1,1,1,1,1,0,0,0,1,0,1,0,1
1537,1,1,0,0,1,1,0,0,1,0,0,1,1,0,0,1,1,1,1,0,1,0,1,0,0,0,1,1,0,1
1538,0,1,1,0,1,0,1,0,1,0,0,0,0,0,0,0,1,1,1,0,1,1,0,1,0,0,0,0,1,1
1539,0,1,1,1,1,1,1,0,1,1,0,0,1,1,0,0,1,1,1,0,1,1,1,1,0,0,1,0,0,1
1540,1,0,0,1,0,0,0,1,0,0,0,0,1,0,0,1,1,1,1,0,1,0,1,1,1,0,1,0,0,1
1541,0,1,1,0,0,0,1,0,0,0,0,0,1,0,0,0,1,1,1,0,0,1,0,0,0,0,0,0,0,1
1542,0,0,0,1,1,0,1,1,0,0,0,1,1,1,0,0,1,1,1,0,1,1,1,0,1,1,0,0,1,1
1543,1,0,0,1,1,0,0,0,0,1,0,1,1,1,0,1,1,1,1,0,1,0,0,0,1,1,0,0,1,1
1544,0,0,0,0,1,0,0,0,0,1,0,0,0,0,0,0,0,0,0,1,0,0,0,0,0,0,0,0,0,0
1545,0,0,0,1,1,0,0,0,1,0,0,0,1,0,0,1,1,1,1,0,0,1,0,1,1,1,0,0,1,1
1546,0,1,1,1,1,0,1,0,1,1,1,1,1,1,1,1,1,1,1,0,1,1,1,0,0,0,1,1,1,1
1547,1,0,0,1,1,0,1,0,1,1,0,1,1,1,0,0,1,0,1,0,1,0,0,0,0,0,0,1,0,1
1548,0,0,1,1,1,0,1,0,0,0,0,0,1,0,0,0,1,1,0,0,0,1,0,0,0,0,0,1,0,0
1549,1,1,0,0,1,1,0,0,0,0,0,0,1,0,0,0,0,1,0,0,1,0,0,0,0,0,0,1,0,1
1550,0,1,0,1,1,0,0,0,0,0,0,0,0,0,0,1,1,1,1,0,0,0,0,0,1,0,1,0,0,1
1551,0,1,1,0,1,0,1,1,1,0,0,1,0,1,1,1,1,1,1,1,0,0,0,0,0,0,1,1,1,1
1552,0,1,1,1,1,0,1,0,0,0,1,1,0,1,0,1,1,0,1,1,1,1,1,0,0,1,0,1,0,1
1553,1,0,0,1,1,0,0,0,1,1,1,0,1,0,0,0,1,1,1,0,0,1,1,1,0,0,0,1,1,1
1554,1,0,1,1,1,0,0,1,0,1,0,0,1,1,0,1,0,1,1,0,1,1,1,0,0,1,0,0,0,0
1555,0,0,0,1,1,0,0,0,0,0,0,0,1,0,0,0,1,0,1,0,1,0,0,0,0,0,0,0,0,1
1556,0,1,0,0,0,1,0,0,0,0,0,0,0,0,0,0,0,0,0,0,1,0,0,0,0,0,0,0,0,0
1557,0,0,1,0,1,0,1,1,0,0,0,1,1,1,1,1,1,0,1,0,1,1,1,0,0,0,1,0,0,1
1558,1,1,0,0,0,0,0,1,0,0,0,0,1,0,1,0,1,1,0,0,0,1,1,0,1,1,0,1,0,0
1559,0,1,1,0,0,1,1,0,1,0,0,0,1,0,0,0,1,1,1,0,1,1,1,0,0,0,0,0,1,1
1560,0,1,0,0,1,0,1,0,1,0,0,1,1,0,0,1,1,1,0,0,0,1,0,0,1,0,0,1,0,1
1561,0,0,0,1,1,0,0,0,0,0,0,0,0,1,0,0,0,0,1,0,0,1,0,0,0,0,0,1,0,1
1562,1,1,1,1,1,1,1,1,1,0,0,1,1,0,1,1,1,1,1,0,1,1,1,0,0,1,0,1,1,1
1563,0,0,1,1,1,1,0,1,0,1,0,1,1,0,0,0,1,1,1,0,1,0,0,1,0,1,0,0,1,0
1564,0,0,1,0,1,0,0,0,1,0,0,0,1,1,0,1,1,0,0,1,0,1,0,0,0,0,0,0,0,1
1565,0,0,1,1,0,0,0,0,0,0,0,0,1,0,0,1,1,1,1,0,1,0,1,0,1,0,0,0,1,1
1566,1,1,0,1,1,1,0,0,1,1,1,1,1,1,0,1,1,1,1,0,1,1,1,1,1,1,1,1,1,1
1567,0,1,0,1,1,0,1,0,0,0,0,0,1,1,0,0,1,1,1,0,0,1,0,0,0,0,0,0,0,1
1568,1,1,0,1,1,0,0,0,0,0,0,1,1,1,0,0,1,1,1,1,0,1,1,0,0,1,1,1,0,1
1569,0,1,1,1,1,0,1,0,1,0,0,1,1,0,0,0,1,1,1,0,0,1,0,0,0,0,0,0,1,1
1570,1,1,0,0,1,1,0,0,1,0,1,0,0,1,0,0,1,1,1,1,0,1,0,1,0,0,0,0,1,1
1571,1,0,0,0,1,0,0,0,0,0,0,0,0,0,0,0,0,0,0,0,0,1,0,0,0,0,0,0,0,1
1572,0,1,1,1,0,0,0,0,0,0,0,0,1,0,0,0,1,0,0,1,1,1,0,1,0,0,0,0,1,1
1573,0,0,1,1,1,1,0,1,0,0,0,1,1,1,0,0,0,0,1,1,1,0,0,0,0,0,0,0,0,1
1574,0,1,1,0,1,0,0,0,0,0,0,1,1,1,0,0,0,1,1,1,0,1,0,0,0,1,0,0,0,1
1575,0,1,1,1,1,0,1,1,1,1,0,0,1,0,0,1,1,1,1,0,1,1,1,0,1,0,0,0,1,1
1576,0,1,0,1,1,0,1,0,1,1,0,1,1,0,0,1,1,1,1,1,1,1,1,0,0,0,0,0,1,1
1577,1,0,0,0,0,0,0,0,0,0,0,0,0,0,0,0,0,0,0,0,0,0,0,0,1,0,0,0,0,0
1578,0,0,0,0,1,0,1,0,1,0,0,0,0,0,0,0,1,0,0,0,0,0,0,0,0,1,0,1,0,0
1579,1,1,1,1,1,0,0,1,1,1,1,0,1,1,1,1,0,1,1,0,1,1,0,0,1,1,0,0,1,1
1580,0,1,0,0,0,1,0,0,0,0,0,0,0,0,0,0,1,0,1,0,0,1,0,1,0,0,0,0,0,1
1581,0,1,0,1,0,0,0,0,0,0,0,0,0,0,0,0,0,0,0,0,0,0,0,0,0,0,0,0,0,1
1582,0,0,1,1,1,0,0,0,0,0,0,1,0,0,1,0,1,1,0,0,0,1,0,0,0,1,0,1,0,1
1583,1,1,0,1,1,1,0,1,1,0,1,1,1,1,0,1,1,1,1,1,1,1,1,1,0,1,0,0,1,1
1584,1,1,1,0,1,0,0,1,1,0,1,0,1,1,0,0,1,1,1,1,1,0,0,1,0,0,1,1,0,1
1585,1,1,1,0,1,1,1,1,1,1,0,1,0,1,1,1,1,1,0,1,1,1,1,0,0,0,1,1,1,1
1586,0,0,0,0,1,0,0,0,0,0,0,1,0,0,0,0,0,0,0,0,0,0,0,0,0,0,0,0,0,0
1587,1,0,0,0,1,0,0,0,1,0,0,0,0,0,0,1,0,0,0,0,0,1,0,1,0,1,0,0,0,1
1588,1,1,1,1,1,1,1,0,0,0,1,1,1,1,0,1,1,1,1,1,1,0,1,1,0,1,1,1,0,1
1589,1,1,1,1,1,0,1,0,0,1,0,1,1,1,1,1,1,1,1,0,1,1,0,1,1,1,0,1,1,1
1590,1,0,0,0,1,1,1,0,1,0,0,0,1,1,0,0,1,0,1,0,1,1,0,0,0,0,0,0,0,0
1591,0,1,0,1,1,0,0,0,0,0,0,0,1,0,0,0,1,1,0,1,0,0,0,0,0,0,0,1,0,1
1592,0,0,0,1,1,0,0,0,0,0,0,0,1,0,0,0,0,1,0,0,0,0,0,0,0,0,0,1,0,1
1593,1,1,0,1,1,1,1,0,0,1,0,0,0,1,0,1,0,1,1,0,1,1,1,0,0,0,0,0,1,1
1594,1,0,0,1,1,0,1,1,1,0,0,1,1,1,0,1,1,1,0,0,0,0,1,1,0,1,0,1,1,1
1595,0,0,0,1,1,0,0,0,0,0,0,0,1,0,0,0,1,1,0,0,0,1,0,0,0,0,0,1,1,0
1596,1,1,0,1,1,0,1,1,0,1,0,0,1,1,0,0,1,1,1,0,1,0,0,0,1,1,1,0,1,1
1597,1,1,1,0,1,0,1,0,1,0,1,1,1,1,0,1,1,1,1,1,0,1,1,0,0,1,1,1,1,1
1598,0,0,0,0,1,0,1,1,0,1,0,0,0,0,0,0,1,0,0,0,0,1,0,0,0,0,0,1,0,1
1599,0,0,0,1,0,0,0,0,0,0,0,0,0,0,0,1,0,0,0,0,0,0,0,0,0,0,0,1,0,0
1600,1,0,0,1,1,0,0,0,0,0,0,1,1,0,0,0,1,1,0,0,1,0,0,0,0,0,0,0,0,0
1601,0,1,1,0,1,1,1,1,0,0,0,0,1,1,1,0,1,1,1,1,1,1,1,0,1,0,1,1,1,1
1602,0,0,0,1,1,0,0,0,1,0,0,0,1,0,0,0,1,1,1,0,1,0,1,0,0,0,0,0,0,0
1603,1,0,1,1,1,0,1,1,1,1,0,0,1,0,0,0,1,1,1,0,1,1,0,0,0,0,0,0,0,1
1604,0,0,0,1,1,1,1,0,0,0,0,0,1,1,0,0,1,1,0,1,0,1,0,0,0,0,0,1,0,1
1605,0,0,0,1,1,0,0,1,1,0,0,0,1,0,0,0,1,0,1,0,1,0,0,0,0,0,0,0,0,1
1606,0,0,0,1,1,1,0,0,1,1,0,1,1,0,0,0,1,1,0,0,0,0,1,0,0,0,0,0,1,1
1607,1,1,1,1,1,0,1,0,0,1,0,0,1,1,0,1,1,1,0,1,1,1,0,1,0,1,0,0,1,1
1608,1,1,0,1,1,0,1,0,1,1,0,1,1,0,1,1,1,1,0,1,0,1,1,1,0,1,1,1,1,1
1609,1,0,0,1,1,0,0,0,0,0,0,0,0,0,0,1,0,0,0,0,0,0,0,0,0,1,0,1,0,1
1610,0,0,1,1,0,0,1,0,0,0,0,0,1,0,0,0,1,1,1,0,1,0,0,0,0,1,0,0,1,1
1611,0,0,0,0,1,0,0,0,0,0,0,0,1,1,0,0,1,1,1,0,1,1,0,0,0,1,0,0,1,1
1612,0,1,1,0,0,1,0,0,1,0,0,1,1,0,1,1,1,1,1,0,1,1,1,1,0,0,0,0,1,1
1613,0,0,0,1,1,0,0,1,1,0,0,1,1,1,0,1,1,1,1,0,1,1,0,1,0,1,0,1,1,1
1614,1,1,1,1,1,1,0,1,0,1,1,0,1,0,1,1,1,1,1,0,1,1,1,1,1,1,1,1,1,1
1615,1,0,0,1,1,0,0,0,0,0,0,0,1,1,0,0,1,0,0,0,0,1,0,0,0,0,0,0,0,1
1616,0,0,0,0,0,0,1,0,0,0,0,0,1,0,0,0,1,0,0,0,0,0,0,0,0,0,0,0,0,0
1617,0,1,0,0,1,0,0,0,1,1,0,0,0,0,0,0,1,1,0,0,0,0,0,0,0,0,1,1,1,1
1618,0,0,0,0,1,0,1,0,0,0,0,0,0,0,0,0,0,1,1,1,1,0,0,0,0,0,0,1,0,1
1619,0,0,0,0,0,0,0,0,0,1,0,0,1,0,0,1,0,1,1,0,1,1,0,0,0,1,0,0,0,0
1620,0,1,0,1,1,0,0,0,0,0,0,0,1,0,0,0,1,1,0,1,0,0,0,0,0,1,0,0,1,0
1621,1,1,1,1,1,1,0,1,1,1,1,0,1,1,1,1,1,1,1,1,1,1,1,1,1,1,0,1,1,1
1622,0,1,0,0,0,0,0,0,0,0,0,0,1,0,0,0,1,1,0,0,0,1,0,0,1,0,0,0,0,1
1623,0,1,1,1,1,1,1,1,1,1,0,1,1,1,1,1,0,1,0,1,1,1,1,0,1,1,1,0,1,1
1624,0,1,0,1,1,1,0,0,0,0,0,0,0,0,0,1,0,1,1,0,0,0,0,0,1,1,0,0,1,1
1625,1,1,0,1,1,0,0,0,0,0,0,0,1,1,0,0,0,1,0,0,0,1,0,0,0,0,0,0,0,1
1626,1,1,1,0,1,1,0,0,1,1,0,0,1,1,0,1,0,1,1,0,1,1,0,1,1,0,0,1,0,1
1627,1,1,0,1,1,1,0,1,0,0,0,0,1,1,0,1,1,1,1,0,1,1,0,0,1,1,1,1,1,1
1628,1,1,1,1,1,1,0,1,0,1,0,1,1,0,0,1,1,0,0,1,1,1,1,0,0,0,1,1,0,1
1629,0,1,1,1,1,0,1,1,1,0,1,0,1,1,0,1,0,1,0,1,1,1,1,0,0,1,0,1,1,1
1630,1,0,1,1,1,0,0,1,0,1,0,0,1,1,0,1,1,1,0,1,1,1,0,1,0,1,0,1,1,1
1631,0,0,0,0,1,0,0,1,0,0,0,0,0,0,0,0,1,1,1,1,1,1,0,1,0,0,0,0,0,0
1632,0,1,0,1,1,0,1,0,0,1,0,1,1,1,0,0,1,1,0,1,1,0,0,0,0,0,0,1,1,1
1633,1,0,0,1,1,0,1,0,0,1,0,0,1,0,0,1,1,1,0,0,0,0,1,0,0,0,1,0,1,1
1634,0,0,1,0,1,1,0,0,0,0,0,0,1,0,0,1,1,1,1,0,1,0,0,0,0,1,0,1,1,1
1635,0,0,0,0,0,0,0,0,0,0,0,0,0,0,0,0,1,1,0,0,1,0,0,0,0,0,0,0,0,1
1636,1,1,0,0,0,0,0,0,0,0,0,0,1,0,0,0,0,1,0,0,0,0,0,0,0,0,0,0,0,1
1637,0,1,0,1,1,1,1,0,0,1,0,0,1,0,1,1,1,1,1,1,0,1,0,0,1,0,0,1,0,1
1638,0,0,0,1,1,0,0,0,1,1,0,0,1,1,0,0,1,1,0,0,0,0,1,0,1,0,0,0,1,1
1639,1,1,1,1,1,0,1,1,1,1,1,1,1,1,1,1,1,1,1,1,0,1,1,1,0,1,1,1,1,1
1640,1,0,1,1,0,0,0,0,0,0,0,0,1,1,0,0,1,1,1,1,1,0,1,0,0,0,0,0,1,1
1641,0,1,0,0,1,0,0,0,0,0,0,0,1,0,0,0,1,1,1,0,0,0,0,0,0,0,0,0,1,1
1642,1,0,0,0,0,0,0,0,1,1,0,0,0,1,0,0,1,0,1,0,1,0,0,0,0,0,1,1,0,1
1643,0,1,1,1,0,0,1,0,0,1,0,1,1,1,0,0,1,1,0,0,0,0,1,1,0,1,0,0,1,1
1644,0,0,0,0,0,1,0,0,0,0,0,0,0,0,0,0,0,0,0,0,0,0,0,0,0,0,0,0,0,0
1645,0,0,0,0,0,0,0,0,0,1,0,0,1,0,0,0,0,0,0,0,1,0,0,0,0,0,0,0,0,0
1646,0,0,0,1,1,0,1,1,0,0,0,0,0,0,0,1,1,1,1,1,1,1,1,1,0,0,0,1,0,1
1647,1,0,0,1,0,1,0,0,0,0,0,0,1,0,0,1,0,0,1,0,1,0,0,1,0,0,0,0,1,0
1648,1,1,0,0,1,0,1,0,1,1,0,1,1,1,0,1,0,1,0,0,1,1,0,1,0,1,0,0,0,0
1649,0,0,0,0,1,1,0,0,0,0,0,0,0,0,0,0,0,1,0,1,1,0,0,0,0,1,0,0,1,1
1650,0,1,0,1,1,0,0,1,1,0,0,0,1,0,0,1,1,1,1,0,1,1,1,1,1,1,0,1,0,1
1651,0,0,1,0,1,1,0,0,0,0,1,1,1,1,0,0,1,1,0,0,1,0,0,0,0,0,0,0,0,0
1652,1,1,1,0,1,0,1,1,0,1,1,1,1,1,1,1,1,1,1,1,1,1,1,0,0,1,0,1,1,1
1653,1,1,0,1,1,0,1,0,1,1,0,1,1,1,1,1,1,1,1,1,0,1,1,1,0,1,0,1,1,1
1654,0,0,0,1,0,0,1,0,0,0,0,0,1,0,0,0,1,0,0,0,0,0,0,0,0,0,0,0,0,1
1655,1,0,0,0,1,0,1,0,1,0,1,0,1,1,0,0,1,1,0,0,1,1,0,0,0,0,0,0,1,1
1656,1,1,1,1,0,0,0,1,1,1,0,1,1,1,0,1,1,1,1,1,1,0,1,0,0,0,0,0,1,1
1657,0,0,0,0,1,0,1,1,0,0,0,1,1,1,1,1,1,1,0,0,1,1,0,0,1,0,1,0,0,1
1658,0,1,0,0,0,0,0,0,0,0,0,1,1,0,1,0,1,1,1,1,0,0,0,0,0,0,1,1,0,1
1659,1,0,0,0,1,0,1,0,0,0,0,1,0,0,0,0,0,1,1,0,1,0,0,0,0,0,0,1,1,0
1660,0,0,0,1,1,0,1,1,0,0,0,0,1,0,0,0,1,1,1,0,1,0,1,0,0,1,0,1,1,1
1661,1,0,1,0,1,1,1,0,1,1,1,1,1,1,0,1,1,1,1,1,1,1,1,0,0,1,0,1,0,1
1662,1,0,0,0,1,0,1,0,0,0,0,0,0,0,0,1,1,1,0,0,1,0,0,0,0,0,0,0,0,0
1663,1,1,0,1,1,1,0,0,0,1,0,0,1,1,1,1,1,1,0,0,1,0,1,0,1,0,0,0,1,1
1664,1,1,0,1,1,0,1,0,0,1,0,0,1,0,0,0,1,0,1,0,1,0,0,1,0,1,0,0,0,1
1665,0,1,1,1,1,1,1,1,1,1,1,1,1,1,0,0,1,1,0,1,1,1,1,1,0,1,1,0,1,1
1666,0,1,1,0,0,0,1,0,0,1,1,0,1,1,0,1,1,1,0,0,1,1,1,0,0,1,1,1,0,1
1667,1,1,0,1,1,1,1,0,1,1,1,1,1,1,0,1,1,1,1,1,1,1,1,0,0,0,0,1,1,1
1668,0,0,1,1,1,1,1,0,1,0,0,0,0,0,0,1,1,1,1,0,1,1,1,0,0,0,0,0,0,1
1669,0,1,0,0,1,1,0,0,0,0,1,1,1,1,0,0,1,1,1,0,1,1,1,0,1,1,0,1,1,1
1670,1,0,1,1,1,0,1,0,0,0,1,0,1,1,1,1,1,1,1,0,1,1,0,0,1,0,1,1,1,1
1671,0,0,1,1,0,0,1,1,0,1,0,1,1,1,0,0,1,1,1,1,0,1,0,0,1,0,0,1,1,1
1672,0,0,0,1,0,0,0,0,0,0,0,0,1,0,0,0,1,1,1,0,1,0,1,0,0,0,0,0,0,1
1673,0,0,0,0,0,0,0,0,0,1,0,0,1,0,0,0,0,1,0,0,1,0,0,0,0,0,0,1,0,0
1674,1,1,0,1,1,0,0,0,0,0,0,1,1,0,0,0,1,1,1,1,1,1,0,0,1,0,0,0,0,1
1675,0,1,0,1,1,0,0,0,0,0,1,1,1,1,0,0,1,1,1,1,0,0,0,0,0,1,0,0,0,1
1676,0,1,1,1,0,1,1,1,1,0,0,1,1,1,0,1,1,0,0,0,1,0,0,1,0,0,0,0,0,1
1677,0,0,0,1,1,0,0,0,1,0,0,0,1,1,0,0,1,0,0,0,1,0,0,0,0,0,0,0,0,1
1678,1,1,1,1,1,1,1,1,1,1,1,0,0,1,1,0,1,1,1,1,1,1,1,0,0,1,1,0,1,1
1679,1,1,1,1,1,1,1,1,1,1,0,1,1,1,1,1,1,1,1,1,1,1,1,1,1,0,0,1,1,1
1680,0,0,0,1,1,1,0,1,1,1,1,0,1,0,0,1,1,1,1,0,1,1,1,0,1,1,0,0,1,1
1681,1,1,1,1,1,1,1,1,1,1,1,1,1,1,1,1,1,1,1,1,1,1,1,0,1,1,1,1,1,1
1682,1,1,1,0,1,1,0,0,1,1,1,0,0,1,0,1,1,0,0,1,0,1,1,1,0,0,0,1,1,0
1683,1,0,1,1,1,0,1,0,0,1,1,0,1,0,0,1,1,1,1,1,1,1,1,0,0,1,1,1,1,1
1684,0,1,0,1,1,0,1,0,0,1,0,0,1,0,0,0,1,1,0,0,1,0,0,1,0,1,0,0,0,1
1685,0,0,0,0,0,0,0,0,0,0,0,0,0,0,0,0,1,0,0,0,0,1,0,0,0,0,0,0,1,0
1686,1,0,1,0,1,0,0,0,1,0,0,1,1,1,0,1,1,1,0,0,1,1,0,0,0,0,1,0,1,1
1687,0,0,0,1,1,0,0,0,0,0,1,1,1,1,0,0,0,0,0,0,0,1,0,0,0,0,0,1,0,1
1688,1,0,0,1,1,1,1,1,1,0,0,0,1,1,0,0,1,1,0,0,0,0,1,0,1,0,0,1,1,1
1689,1,1,1,1,1,1,1,1,1,1,1,1,1,1,0,1,1,1,1,1,0,1,0,1,1,1,0,0,1,1
1690,0,0,1,0,1,0,0,0,0,0,0,0,1,0,0,0,1,0,1,0,1,0,0,0,0,1,0,1,1,1
1691,1,0,0,0,0,0,1,0,0,1,0,0,0,1,0,0,1,1,0,0,1,0,0,0,0,0,0,0,0,1
1692,0,0,1,0,1,1,0,0,0,1,0,0,0,1,0,0,1,0,1,0,0,0,0,0,0,0,0,0,0,0
1693,1,0,1,0,1,1,1,0,0,0,0,1,0,1,0,0,0,0,1,0,0,0,0,0,0,0,0,0,0,0
1694,0,0,1,1,1,0,0,1,1,0,1,0,1,1,0,0,1,1,1,1,1,1,0,0,0,1,0,1,1,1
1695,0,0,0,1,1,0,1,1,0,0,0,1,1,0,0,1,1,1,0,0,1,1,0,0,0,0,0,1,0,1
1696,1,0,0,1,1,0,0,0,1,1,0,0,1,0,0,0,1,0,1,0,1,1,0,0,0,0,0,1,0,1
1697,1,1,1,1,1,0,1,1,1,1,1,1,1,1,1,1,1,1,1,1,0,1,1,1,0,1,1,1,1,1
1698,0,0,0,0,1,0,0,0,1,0,0,0,0,0,0,1,1,0,0,0,0,1,0,0,0,0,1,1,0,1
1699,0,1,0,1,1,1,0,0,0,0,0,0,1,0,0,0,0,1,0,0,0,1,0,0,0,1,0,0,0,1
1700,0,0,0,1,1,0,0,0,0,0,0,0,1,1,0,0,0,0,1,0,0,0,0,0,0,1,0,0,0,0
1701,0,1,0,1,0,0,0,1,0,1,1,1,1,0,0,0,1,1,1,0,1,1,0,1,0,0,1,1,0,1
1702,0,1,0,1,1,0,0,1,1,0,0,0,1,1,0,1,0,1,1,1,0,1,1,0,0,1,0,1,1,0
1703,0,1,0,0,1,0,0,0,0,1,1,1,1,0,0,1,0,1,0,0,0,1,0,0,0,0,1,1,0,0
1704,0,1,0,1,1,0,1,0,0,0,0,0,1,1,0,1,1,1,1,1,1,1,1,0,1,1,0,0,1,1
1705,0,1,1,1,1,0,1,0,0,0,0,0,0,0,0,0,1,1,1,0,0,0,0,1,0,0,0,0,0,1
1706,1,1,0,0,1,0,1,0,1,0,0,1,1,0,0,0,1,0,1,0,0,0,0,1,0,1,0,0,0,1
1707,1,0,0,1,1,0,1,0,1,1,0,1,1,1,0,0,1,0,0,0,1,1,0,1,0,0,0,1,1,1
1708,1,0,0,0,0,0,0,0,0,0,0,0,1,0,1,0,1,0,1,0,0,0,1,0,0,1,0,0,0,1
1709,0,0,0,0,1,0,0,0,1,0,0,0,0,0,0,0,0,1,0,0,0,0,0,0,0,0,0,0,0,0
1710,0,1,0,1,1,0,1,1,1,0,0,0,1,0,0,1,1,0,0,0,1,1,0,1,0,0,0,1,0,1
1711,0,1,0,0,1,0,0,1,0,0,0,1,1,0,0,1,1,1,0,0,1,1,1,0,1,0,0,1,1,1
1712,1,1,0,1,1,1,1,0,1,1,0,1,1,0,0,1,1,1,1,0,1,1,1,1,1,1,0,1,0,1
1713,1,1,1,1,1,1,1,0,1,1,0,0,1,1,1,1,1,1,0,0,1,1,0,0,1,1,0,0,1,0
1714,0,1,0,1,1,1,0,1,0,1,0,1,1,0,0,1,1,1,1,0,1,1,0,1,0,1,1,0,1,1
1715,0,0,1,0,1,0,1,1,1,0,0,0,1,0,0,0,1,1,0,0,1,1,0,1,0,0,1,1,0,1
1716,1,1,0,1,1,1,1,1,1,1,0,1,0,1,1,1,0,1,1,1,1,0,1,0,1,1,0,1,1,0
1717,1,0,1,0,0,0,0,0,0,0,0,0,1,0,0,0,0,0,1,0,1,0,0,0,0,0,0,1,0,1
1718,0,1,0,1,1,0,1,1,1,0,0,0,1,1,1,1,1,1,0,1,1,1,1,0,0,0,0,1,0,1
1719,0,0,1,1,1,0,0,0,0,0,0,0,0,0,0,0,1,1,1,0,0,0,0,0,1,0,1,0,0,0
1720,1,1,1,0,1,0,0,0,0,0,0,0,1,1,0,1,1,0,1,0,1,1,1,0,1,0,0,0,0,0
1721,0,1,1,1,1,1,1,1,1,1,1,0,1,1,0,0,1,1,1,0,1,1,0,0,1,0,0,1,0,1
1722,0,1,0,0,1,0,1,0,0,0,0,0,1,0,0,0,1,1,0,0,1,0,0,0,0,0,0,0,1,1
1723,0,1,0,0,1,1,0,0,0,0,0,1,0,1,0,1,0,1,1,0,1,1,0,0,0,1,0,1,1,1
1724,0,1,0,1,0,0,1,0,1,1,0,0,1,0,0,0,1,1,1,0,1,0,0,0,0,1,0,0,0,1
1725,0,0,0,0,1,0,0,0,0,0,0,0,0,1,0,0,0,1,0,0,1,1,0,0,0,0,0,0,0,1
1726,1,0,0,1,1,0,1,0,0,0,0,1,1,0,0,0,0,1,1,0,0,1,0,0,0,0,1,0,0,0
1727,1,0,1,1,1,0,1,1,0,0,0,1,1,1,0,1,1,1,1,0,0,1,1,0,0,0,0,1,1,1
1728,0,1,1,0,1,0,1,1,1,0,1,0,1,1,0,1,1,1,1,1,1,1,1,0,1,0,0,1,0,1
1729,0,0,1,1,1,1,0,0,0,1,0,0,0,1,0,1,1,1,1,0,1,1,1,0,0,0,0,1,0,1
1730,1,1,1,0,0,0,1,0,0,0,0,0,1,1,0,0,1,1,0,1,0,1,0,1,0,0,0,1,0,1
1731,1,1,0,1,1,0,0,0,0,0,0,0,0,1,0,1,1,1,0,0,1,0,0,1,0,0,1,1,0,0
1732,1,0,0,1,1,0,0,0,1,0,0,1,1,1,1,1,1,1,1,0,1,1,0,1,0,1,0,1,0,1
1733,0,0,1,1,1,1,0,0,0,0,0,1,1,1,1,0,1,1,1,1,1,1,0,0,1,1,1,1,0,1
1734,1,1,0,1,0,0,0,1,0,0,0,0,0,0,0,0,1,1,0,0,0,0,1,0,0,1,0,0,1,1
1735,0,1,0,1,1,1,0,0,0,0,0,1,1,0,0,1,1,0,0,0,1,0,0,1,1,1,0,1,0,1
1736,1,1,1,1,1,0,1,0,0,1,0,1,0,0,0,1,1,1,1,1,1,0,1,1,1,1,0,1,0,1
1737,0,1,1,0,0,0,1,1,1,1,1,1,1,1,0,1,1,1,1,0,1,1,1,1,1,1,1,1,0,1
1738,1,1,1,0,1,1,1,1,1,1,0,0,1,1,0,1,1,1,0,1,1,1,1,0,1,1,1,1,1,1
1739,0,0,0,0,0,0,0,0,0,1,0,0,0,0,0,0,0,1,0,0,1,0,0,0,0,0,0,0,0,1
1740,1,0,0,0,1,0,0,0,1,1,1,1,1,1,0,1,1,1,0,0,1,1,1,0,0,1,0,0,1,1
1741,1,0,0,0,0,0,1,0,0,0,0,0,0,0,0,0,0,1,0,0,1,0,0,0,0,0,0,0,1,1
1742,1,0,0,0,1,0,0,0,0,0,0,0,1,0,0,0,1,0,0,1,0,1,0,0,0,0,0,0,0,1
1743,0,0,1,0,0,0,0,0,0,0,0,0,1,1,0,0,1,1,0,0,1,0,0,0,0,0,0,0,0,1
1744,1,0,0,1,0,0,1,1,1,0,0,0,0,1,0,1,1,1,1,0,0,1,1,0,0,1,0,1,1,0
1745,1,0,0,1,1,0,0,0,1,0,0,1,1,0,0,0,1,1,1,0,0,0,0,0,0,0,0,1,0,1
1746,0,0,1,1,1,0,0,0,1,0,0,1,1,0,0,0,1,1,0,0,0,1,0,0,0,0,0,0,0,0
1747,1,0,1,0,1,0,0,0,1,0,0,1,1,0,0,0,1,1,0,1,1,0,0,0,0,0,0,0,1,0
1748,0,1,1,1,1,1,0,1,1,1,0,0,0,1,0,1,1,1,0,0,0,0,1,1,1,0,0,0,0,1
1749,1,0,1,1,0,0,0,0,1,0,0,0,1,0,0,1,0,1,0,1,0,1,0,0,0,0,0,0,0,1
1750,0,0,0,1,1,0,1,0,0,0,0,0,1,1,0,0,1,0,0,1,1,1,1,1,0,0,0,0,0,1
1751,0,1,0,0,0,0,0,0,0,0,0,0,1,0,0,0,1,0,0,0,1,0,0,0,0,0,0,0,0,1
1752,0,1,0,0,0,1,0,0,0,0,0,0,1,1,0,0,1,1,0,0,0,0,0,0,0,0,0,1,0,0
1753,0,0,0,1,1,0,0,1,0,1,0,0,1,1,1,0,0,1,1,0,0,1,0,0,0,0,0,0,0,1
1754,1,0,0,1,0,0,0,0,0,0,0,0,1,0,0,0,1,1,0,1,0,1,0,0,0,0,0,0,0,0
1755,1,1,0,0,1,0,1,0,0,1,1,1,1,0,0,1,1,1,0,0,1,1,0,0,1,0,0,1,0,1
1756,0,1,1,1,1,1,0,1,1,1,0,0,1,0,1,1,1,1,0,1,1,0,0,1,0,0,0,1,0,1
1757,0,0,0,0,1,0,0,0,0,0,0,0,0,1,0,0,0,1,0,0,0,0,0,0,0,0,0,0,0,1
1758,1,1,1,1,1,0,0,1,1,1,1,0,0,1,0,1,0,1,1,1,1,1,1,0,1,1,1,1,1,1
1759,0,0,1,0,0,0,1,0,0,0,0,0,0,1,0,0,0,1,1,0,1,1,1,0,0,0,0,0,1,1
1760,0,0,0,1,1,0,0,0,0,0,0,1,1,1,0,1,1,1,0,0,0,0,0,1,0,1,1,0,0,1
1761,1,0,0,1,1,0,1,0,1,0,0,0,1,1,0,1,1,1,0,0,1,1,0,0,0,0,0,0,1,1
1762,0,0,0,1,0,0,0,0,0,0,0,0,1,0,0,0,1,0,0,0,1,0,0,0,0,0,0,0,0,1
1763,0,1,1,0,1,1,1,1,0,1,0,0,1,1,1,1,1,1,1,1,1,1,0,1,1,1,1,1,1,1
1764,0,0,0,1,0,1,0,0,0,0,0,1,1,0,0,0,1,1,1,0,0,1,0,1,0,0,0,0,0,1
1765,1,1,0,1,1,0,0,1,0,0,0,1,1,1,0,1,1,1,1,0,0,0,1,1,0,0,1,1,0,1
1766,0,0,0,1,1,1,0,0,1,0,0,0,1,0,0,0,1,1,0,0,0,1,0,0,0,1,0,0,1,1
1767,0,1,1,0,0,0,0,0,1,0,0,0,1,0,1,1,1,1,0,0,1,1,0,0,0,1,0,0,1,1
1768,0,1,0,0,1,0,1,0,1,1,0,0,1,1,0,1,1,1,1,0,1,1,0,0,0,1,0,0,1,1
1769,0,1,0,0,1,0,0,0,0,1,0,0,0,1,0,0,1,1,1,0,0,0,0,1,0,0,0,1,1,1
1770,0,1,1,1,1,1,1,1,1,0,0,1,1,1,0,1,1,1,1,1,1,1,1,0,1,0,1,1,0,1
1771,1,1,1,1,1,1,0,0,0,0,0,0,1,1,0,1,1,1,0,0,1,1,1,1,1,1,0,0,1,1
1772,0,1,0,1,1,0,1,0,0,0,0,0,0,0,0,0,1,1,0,0,0,1,1,0,1,0,0,0,0,1
1773,0,1,0,0,0,0,1,0,1,0,0,0,0,1,0,0,1,1,1,0,0,0,0,0,0,0,0,1,0,1
1774,0,0,0,0,1,0,1,0,1,0,0,0,0,0,0,0,0,0,0,0,0,0,0,1,0,0,0,0,0,1
1775,0,0,1,0,0,1,0,0,0,0,0,0,1,0,0,0,0,0,0,0,1,0,0,0,0,0,0,0,0,1
1776,0,0,0,0,1,1,1,1,0,0,0,0,0,1,0,0,0,1,1,1,1,1,1,0,1,0,0,0,1,1
1777,0,1,0,1,1,1,1,0,1,1,0,1,1,0,0,1,1,1,0,0,1,0,1,1,1,1,1,1,0,1
1778,0,1,0,0,0,0,0,0,0,1,0,1,0,0,0,0,1,0,0,0,0,0,0,0,1,0,0,0,0,0
1779,0,0,0,0,0,0,0,0,0,0,0,1,1,0,0,0,0,0,0,0,0,0,0,0,0,0,0,0,0,0
1780,1,0,0,1,1,1,0,0,0,1,0,1,0,1,0,0,1,1,1,0,1,1,0,0,0,0,0,0,0,1
1781,1,0,0,1,1,0,0,0,1,1,0,1,1,1,1,1,1,1,1,0,1,1,1,1,1,1,1,0,1,1
1782,1,1,0,1,1,1,1,1,0,1,0,0,1,1,1,0,1,1,1,0,1,1,0,0,1,0,1,0,1,1
1783,1,1,0,1,0,0,1,1,0,0,0,1,0,0,0,0,0,1,1,1,1,1,0,0,0,0,1,0,1,1
1784,0,1,1,1,1,0,0,0,0,0,0,0,0,0,0,0,1,1,0,0,1,0,1,0,0,0,0,0,0,1
1785,0,1,0,1,1,1,1,1,1,0,0,1,1,1,0,1,1,1,1,0,1,0,0,1,0,1,0,0,1,1
1786,0,1,0,0,1,1,1,1,1,0,0,1,0,0,1,1,1,1,0,0,1,0,1,1,1,1,0,1,0,1
1787,0,0,0,0,1,0,0,0,0,0,0,0,0,0,0,0,1,0,0,1,0,0,0,0,0,0,0,0,0,0
1788,0,0,0,0,1,0,0,0,0,0,0,0,1,0,0,0,0,1,1,0,1,0,0,0,0,0,0,0,1,0
1789,1,1,1,1,1,0,1,0,1,1,1,0,1,0,1,1,1,1,1,1,1,1,1,1,1,0,0,0,1,1
1790,0,1,1,0,1,0,0,0,1,0,0,0,0,0,0,0,1,0,1,0,0,0,0,0,0,0,0,1,0,0
1791,0,1,0,0,1,0,1,0,1,0,0,0,1,1,0,0,1,1,1,0,0,1,1,0,0,1,1,1,0,1
1792,0,0,0,0,0,0,0,0,0,0,0,0,0,0,0,0,1,1,1,0,0,0,1,0,0,0,0,0,0,1
1793,0,0,0,0,1,0,0,0,0,0,0,1,1,1,0,0,0,1,1,1,1,1,0,0,0,1,1,0,1,1
1794,0,0,0,1,1,0,0,0,1,0,1,1,1,0,0,0,1,1,1,0,1,1,0,0,0,1,0,1,1,1
1795,0,0,0,1,1,1,0,0,1,0,0,0,1,0,0,0,0,1,0,0,1,1,1,0,0,1,0,0,1,1
1796,1,0,1,1,1,1,0,1,1,1,0,1,1,1,0,1,1,1,0,0,1,1,1,0,1,1,1,1,0,1
1797,1,1,0,1,1,1,0,1,1,1,1,0,1,1,1,1,1,1,0,1,1,0,1,1,0,1,1,1,1,1
1798,0,0,0,0,0,0,0,0,0,0,0,0,0,0,0,0,1,0,0,0,0,0,0,0,0,0,0,0,0,0
1799,1,1,0,1,1,1,1,1,1,1,1,1,1,1,0,1,1,1,1,0,1,1,1,0,1,1,1,0,1,1
1800,0,0,0,0,1,1,0,1,0,0,0,1,1,0,0,0,0,1,1,0,0,0,1,0,0,1,1,1,0,1
1801,0,0,0,0,1,1,0,0,0,1,1,0,1,0,0,1,1,1,0,0,0,0,0,0,0,0,1,0,1,1
1802,1,1,1,1,1,1,0,1,0,1,1,0,1,0,0,1,1,1,1,1,1,1,1,1,1,0,0,1,1,1
1803,0,1,1,1,1,0,1,1,1,0,0,0,1,1,0,1,1,1,1,0,1,0,1,0,0,1,1,0,0,1
1804,1,1,1,1,1,1,0,1,1,1,0,0,1,1,0,1,1,1,0,0,1,1,1,0,1,0,0,1,1,1
1805,0,1,0,1,0,0,0,0,0,0,0,0,0,1,0,0,1,1,0,0,0,0,0,0,0,0,0,1,0,1
1806,0,0,1,0,1,0,0,0,1,0,1,0,0,0,0,1,1,1,1,0,1,1,0,0,0,1,0,1,1,1
1807,0,1,0,0,1,0,0,1,1,0,0,0,1,1,0,0,1,1,0,1,1,0,0,1,0,0,0,0,0,1
1808,0,0,0,1,1,0,1,1,1,0,0,0,1,1,1,0,1,0,1,1,0,0,0,0,0,1,0,0,0,0
1809,1,0,1,1,0,1,1,0,1,0,0,0,0,1,1,0,1,1,0,0,0,0,1,0,0,0,0,1,1,1
1810,1,0,0,1,1,0,1,0,0,0,0,1,1,1,0,0,1,1,1,1,1,0,0,0,0,0,0,0,0,1
1811,1,1,1,1,1,1,1,1,1,1,0,1,1,0,0,1,1,0,1,1,1,0,1,0,0,1,1,1,1,0
1812,0,1,0,0,1,0,0,0,0,0,0,0,1,1,0,0,0,1,0,0,1,1,0,0,0,0,0,1,0,1
1813,1,0,1,1,1,1,1,1,0,1,0,1,1,1,0,0,1,1,1,1,1,0,1,0,0,0,1,1,1,1
1814,1,0,0,1,1,0,1,0,1,0,0,0,0,0,0,0,1,1,1,0,1,0,0,0,1,0,0,1,1,1
1815,0,0,0,1,0,0,0,0,0,0,0,0,0,1,0,0,1,0,0,0,1,0,0,0,0,0,0,0,1,0
1816,0,0,1,1,1,0,0,0,1,0,0,0,1,1,0,0,0,1,0,0,0,0,0,0,0,1,0,1,0,0
1817,0,0,0,0,1,0,0,1,0,0,0,0,0,0,0,0,1,1,1,0,0,0,1,1,0,0,0,0,1,0
1818,1,0,0,1,1,0,0,1,0,0,0,0,1,1,0,1,1,1,1,0,1,1,1,1,1,1,0,1,1,1
1819,0,0,0,0,1,0,1,1,0,0,0,1,1,0,0,0,1,1,0,0,0,0,0,0,0,0,1,1,0,1
1820,1,1,1,1,1,0,1,0,1,0,0,1,1,1,0,0,1,1,0,0,1,0,0,0,0,0,1,0,0,0
1821,1,1,1,1,0,1,1,0,0,0,1,1,1,0,0,1,1,1,0,1,0,1,1,0,0,1,0,1,1,0
1822,1,1,0,1,1,0,0,1,1,0,1,0,1,1,0,1,1,1,1,1,0,1,1,0,0,1,0,1,1,1
1823,0,0,0,1,1,1,0,0,0,1,0,1,1,1,0,1,0,1,0,0,0,1,1,1,0,1,0,1,1,1
1824,1,1,1,0,1,0,1,0,0,0,0,0,1,0,0,0,1,1,1,0,0,1,0,0,0,1,0,0,0,1
1825,0,1,0,1,0,1,1,1,0,0,1,1,1,0,0,1,1,1,1,1,1,0,1,1,1,1,0,0,1,1
1826,0,1,0,1,0,0,0,0,0,0,0,0,0,0,0,1,1,1,0,0,1,1,0,1,0,0,0,0,0,1
1827,1,0,0,1,1,0,0,0,0,1,0,0,1,0,0,1,1,1,1,0,1,1,0,1,0,1,0,0,1,1
1828,1,1,0,0,1,1,0,1,1,1,0,0,1,1,0,0,1,1,1,0,1,0,1,1,0,1,0,1,1,1
1829,1,0,1,0,1,0,1,1,1,0,0,0,1,1,1,1,1,1,1,1,1,1,1,0,0,0,1,1,1,1
1830,1,1,0,1,1,0,1,1,1,1,0,1,1,1,0,1,1,1,1,1,1,1,1,1,1,1,1,1,0,1
1831,0,1,0,1,1,0,1,0,0,1,1,1,1,1,1,1,1,1,1,1,1,1,1,0,0,1,0,0,1,1
1832,0,0,1,1,0,0,0,0,0,0,0,0,1,0,0,0,1,1,0,0,0,0,0,0,0,1,0,1,0,1
1833,0,0,0,0,1,0,0,1,0,0,0,1,1,1,0,0,1,1,0,0,1,0,1,0,0,0,0,1,1,1
1834,1,1,0,0,1,0,0,0,1,0,0,0,1,0,0,1,1,0,1,1,1,1,1,0,0,1,0,0,1,1
1835,0,0,0,0,0,0,0,0,0,0,0,0,0,0,0,0,0,1,0,0,0,0,0,0,0,0,0,0,0,0
1836,0,0,1,1,1,0,0,0,1,0,0,1,0,1,0,1,1,1,1,1,1,1,1,0,0,0,1,1,1,0
1837,0,1,1,1,0,0,0,1,0,0,0,0,1,0,1,1,1,1,1,0,0,0,0,0,0,1,0,0,0,1
1838,0,1,0,0,1,0,0,0,0,0,0,0,1,0,0,0,1,0,0,0,0,0,0,0,0,0,0,0,0,1
1839,1,1,0,0,0,0,1,1,0,0,0,0,1,0,0,0,1,1,0,0,0,1,0,0,0,1,0,0,0,1
1840,0,0,0,0,0,0,0,0,0,0,0,0,1,0,0,0,0,0,0,0,0,1,0,0,0,0,0,0,0,0
1841,0,0,0,0,0,0,0,0,0,0,0,0,1,0,0,0,0,1,0,0,0,0,0,0,0,0,0,0,0,1
1842,1,0,0,0,0,0,0,0,0,0,0,0,1,0,0,0,0,0,0,0,0,1,0,0,0,1,0,0,0,1
1843,0,0,1,1,1,0,0,0,0,0,0,0,1,0,0,1,0,1,1,0,0,0,0,1,0,0,0,0,1,0
1844,1,1,1,0,1,0,1,0,0,1,0,0,1,1,0,1,1,0,1,0,1,0,0,1,1,1,0,1,1,1
1845,1,0,1,1,1,0,0,0,0,0,1,0,1,0,0,0,1,1,1,0,1,0,0,0,0,0,0,0,1,1
1846,0,0,1,0,1,0,0,0,0,0,1,0,0,0,0,0,0,1,0,0,0,1,0,0,0,0,0,0,0,1
1847,0,0,0,0,0,0,1,0,0,0,0,1,0,0,0,0,0,0,0,0,0,0,0,0,1,0,0,0,0,0
1848,1,1,0,1,0,0,0,0,1,0,0,0,1,1,0,1,1,0,0,1,0,1,1,0,0,1,0,0,1,1
1849,0,1,1,1,1,1,1,1,1,0,0,0,1,1,1,1,1,1,1,0,1,1,1,0,1,1,1,1,1,1
1850,0,0,0,0,1,0,1,0,1,1,0,1,1,0,0,1,1,1,1,0,1,1,0,0,0,0,0,1,0,1
1851,1,0,0,0,1,0,0,0,0,1,0,0,1,0,0,0,0,1,1,1,0,1,1,0,0,0,0,1,0,0
1852,0,0,0,1,0,0,0,0,0,0,0,0,0,0,0,0,1,1,0,0,1,0,0,0,0,0,0,0,0,0
1853,0,0,0,1,0,0,0,0,0,0,0,0,0,0,0,0,1,1,0,0,0,0,0,0,0,0,0,0,0,1
1854,0,1,1,1,1,0,0,0,1,1,0,0,1,0,1,1,1,1,0,0,1,0,0,1,1,0,0,1,1,1
1855,0,1,0,1,0,0,0,0,0,0,0,0,0,0,0,0,0,1,0,0,1,1,0,0,0,1,0,0,0,0
1856,1,1,0,1,1,0,0,1,0,0,1,0,1,0,0,0,1,1,0,0,1,0,0,0,0,0,0,0,1,1
1857,0,0,1,0,1,0,0,0,0,0,0,0,1,0,0,0,1,1,1,1,1,1,0,0,0,0,0,0,1,1
1858,0,1,0,0,1,0,1,0,0,0,0,0,0,1,0,0,1,0,0,1,0,0,0,0,0,0,0,0,0,0
1859,0,0,1,0,0,0,0,0,1,0,0,1,1,0,1,0,1,1,0,0,1,0,0,0,0,0,0,0,0,1
1860,0,1,0,1,1,0,1,0,0,0,0,1,1,0,0,0,1,1,0,0,0,1,1,0,0,0,1,0,0,1
1861,1,1,0,1,1,1,0,1,1,1,1,1,1,0,0,1,1,1,1,0,1,1,1,1,1,1,0,1,0,1
1862,1,0,1,0,0,0,0,0,1,0,0,0,0,0,0,0,0,1,1,0,1,1,1,0,0,0,0,0,0,1
1863,0,0,0,1,1,1,1,0,0,0,0,0,1,0,0,0,1,1,1,0,1,1,1,1,0,0,1,0,1,1
1864,0,1,0,0,0,0,0,0,0,0,0,0,0,0,0,0,1,0,0,0,0,0,0,0,0,0,0,0,0,1
1865,1,1,1,1,1,1,0,1,1,1,1,1,1,1,0,1,1,1,1,1,1,0,1,1,0,1,0,0,0,0
1866,1,0,0,0,1,0,0,0,0,0,0,0,0,1,0,1,1,1,0,0,0,0,0,0,0,0,0,0,0,0
1867,0,1,0,0,1,0,1,1,1,0,0,0,1,1,1,0,1,1,0,0,0,1,1,0,1,0,0,0,0,1
1868,1,1,1,1,1,0,1,1,1,1,0,1,1,1,0,1,1,1,1,0,1,1,1,1,1,1,1,1,1,1
1869,0,1,1,1,1,0,1,1,0,1,0,1,1,1,0,1,1,1,1,0,0,1,0,0,1,1,1,1,1,1
1870,0,0,1,1,1,1,1,1,0,0,0,0,1,1,0,1,1,1,1,0,0,0,1,0,1,0,1,1,0,1
1871,0,1,0,1,1,0,0,0,1,1,0,0,1,1,0,0,1,1,0,0,0,1,0,1,1,0,0,1,0,1
1872,1,1,1,1,1,1,1,1,1,1,1,0,1,1,1,1,1,1,1,1,1,1,1,1,1,1,1,0,0,1
1873,0,1,0,1,1,0,1,0,1,0,0,0,1,0,0,0,1,1,0,0,1,0,0,0,0,0,0,0,0,1
1874,1,1,1,1,1,0,1,0,1,0,0,0,1,0,0,0,0,1,1,1,0,1,1,0,1,1,1,1,1,1
1875,1,1,1,1,1,0,1,1,1,0,0,0,1,0,0,1,1,1,1,1,1,0,1,0,0,0,0,0,0,1
1876,0,0,0,0,0,0,0,0,0,0,0,0,0,0,0,0,0,1,1,0,0,0,0,0,0,0,0,0,0,0
1877,0,0,1,1,1,1,1,1,0,0,1,1,1,1,0,1,1,1,1,0,1,1,0,1,1,1,1,1,1,1
1878,0,0,0,0,0,0,0,0,0,0,1,1,1,0,0,0,0,0,0,1,0,1,0,0,0,0,0,0,0,1
1879,0,1,1,0,1,0,0,0,0,0,0,0,1,0,0,1,1,1,1,1,0,1,1,0,0,0,0,0,0,1
1880,0,0,1,0,1,0,1,1,0,0,0,1,1,0,0,0,1,1,1,0,1,1,0,0,0,0,0,0,0,0
1881,0,0,0,1,1,1,0,1,0,0,0,0,0,1,0,0,1,0,1,1,0,1,0,0,1,1,0,1,0,1
1882,0,0,0,1,0,0,0,0,1,0,0,0,0,0,0,0,1,0,0,0,0,1,0,0,0,0,0,0,0,0
1883,0,0,0,0,1,0,1,0,0,1,0,0,0,1,0,0,0,0,1,0,0,1,1,0,0,0,0,0,0,1
1884,0,1,1,0,1,1,1,0,0,1,0,1,1,1,0,1,1,1,1,1,1,1,1,0,0,1,0,1,0,1
1885,1,1,0,0,1,1,0,1,1,0,1,0,1,1,1,1,1,1,1,0,1,0,0,0,0,0,0,0,0,0
1886,1,1,1,1,1,1,1,1,0,1,1,1,1,1,1,1,1,1,1,1,1,1,1,1,1,0,0,0,1,1
1887,1,0,1,1,1,1,1,1,1,1,0,0,1,0,1,1,1,1,0,1,1,1,1,0,1,0,0,1,1,1
1888,0,0,0,0,0,0,0,0,0,0,0,0,1,1,0,0,1,1,1,0,1,0,0,0,0,0,0,0,1,1
1889,0,0,0,1,1,1,1,0,0,1,0,1,0,0,0,1,1,0,1,1,0,0,0,1,0,1,1,1,1,1
1890,1,0,0,1,0,0,1,1,0,0,1,0,1,0,0,0,1,0,0,0,0,0,0,0,0,1,0,0,1,1
1891,1,1,0,0,0,0,0,0,0,0,0,0,1,0,0,0,1,1,0,0,0,1,0,0,0,1,0,0,1,1
1892,0,1,0,0,1,0,1,0,0,0,1,1,1,1,1,1,1,1,1,0,0,0,0,0,1,0,0,0,0,0
1893,0,1,0,0,0,0,0,0,0,0,0,0,1,0,0,0,1,0,0,0,0,0,0,0,0,0,0,0,0,0
1894,1,1,1,1,1,1,1,1,1,1,0,1,1,1,1,1,1,1,1,1,1,1,1,0,1,1,0,1,1,1
1895,0,0,1,1,0,0,0,0,0,0,0,0,1,0,0,0,1,1,0,0,0,0,0,0,0,0,0,0,0,1
1896,0,0,0,0,1,0,0,0,0,0,0,0,1,1,0,0,0,0,0,0,0,1,0,0,0,1,0,0,0,1
1897,0,0,0,1,0,0,1,0,0,0,0,0,1,0,0,0,1,0,0,0,1,1,0,1,1,1,0,0,1,1
1898,0,0,0,0,0,0,0,0,0,0,0,1,1,1,0,0,0,0,1,0,0,0,0,0,0,0,0,0,0,0
1899,1,1,0,1,1,1,1,0,1,0,0,0,0,0,0,0,1,0,1,1,1,1,1,0,0,0,0,0,0,1
1900,1,0,0,0,1,0,0,0,1,0,0,0,1,1,0,1,1,0,0,0,1,0,0,0,0,1,0,1,1,1
1901,0,1,1,1,1,1,1,1,1,0,1,0,1,0,0,0,1,1,0,1,1,1,0,0,0,1,0,1,1,1
1902,1,0,1,1,1,1,1,0,1,1,0,1,1,1,0,1,1,1,0,1,0,1,1,0,1,1,1,0,1,1
1903,0,0,0,0,0,0,1,0,1,0,0,0,0,0,0,0,1,1,0,0,0,0,0,0,0,0,0,1,0,0
1904,0,1,1,1,1,1,1,1,1,0,1,0,1,1,1,1,1,1,0,0,1,1,1,0,1,1,0,0,1,1
1905,0,0,0,1,1,0,1,0,0,0,0,0,0,0,0,0,1,1,0,0,1,0,1,0,0,0,0,0,0,1
1906,1,1,0,0,1,1,1,1,0,0,1,1,1,0,0,1,0,1,0,0,0,0,1,0,0,1,0,1,0,1
1907,1,1,1,1,1,1,1,1,1,0,1,0,1,1,0,0,1,1,1,1,1,1,1,0,0,0,1,1,1,1
1908,0,0,1,1,1,1,0,0,1,0,1,0,1,1,0,1,1,1,1,1,1,1,1,0,0,1,1,1,1,1
1909,1,1,0,0,0,1,0,0,1,1,0,0,1,1,0,1,0,1,1,0,1,1,1,1,0,0,0,1,1,1
1910,1,0,0,1,1,0,0,0,1,1,0,0,1,0,0,0,1,1,0,1,1,1,1,0,0,0,0,1,1,1
1911,1,0,0,1,1,0,1,0,0,0,0,0,0,0,1,1,1,1,1,0,1,0,0,1,0,0,0,1,0,1
1912,0,1,1,1,1,1,1,1,1,1,0,1,1,1,0,1,1,1,1,1,1,1,0,0,1,1,1,1,1,1
1913,0,1,0,1,1,0,1,0,0,0,0,0,1,1,0,0,1,1,0,0,1,1,1,1,0,1,0,1,1,1
1914,1,1,0,1,1,1,1,0,0,0,0,1,1,1,0,1,1,1,1,1,1,1,1,0,1,1,0,0,1,1
1915,1,0,1,1,1,0,1,0,0,0,1,0,1,1,0,1,1,1,0,1,1,1,1,1,1,1,0,1,0,0
1916,0,0,0,1,0,0,0,0,0,0,0,0,0,0,0,0,0,1,0,0,0,1,1,0,0,0,0,0,1,1
1917,1,0,0,1,1,1,1,1,0,0,0,1,1,1,0,1,0,1,1,0,1,1,0,0,0,0,0,1,0,1
1918,0,0,0,1,1,0,1,0,0,1,1,0,1,0,0,0,0,0,0,0,0,0,0,1,0,0,0,0,1,0
1919,1,1,1,1,1,1,1,0,1,1,1,1,1,1,0,0,1,1,1,1,1,1,1,1,0,1,1,1,1,1
1920,1,1,1,1,1,0,0,1,1,1,0,1,1,1,0,0,1,1,1,0,1,1,1,0,0,0,0,1,1,1
1921,1,0,0,0,1,1,0,0,1,0,1,0,1,0,0,0,0,0,0,0,1,0,1,0,0,0,0,0,1,1
1922,1,0,0,0,0,0,0,0,0,0,0,1,0,0,0,0,1,1,1,0,0,0,0,0,0,1,0,0,0,1
1923,1,0,0,1,1,1,0,0,1,0,1,0,0,1,0,1,1,1,0,0,1,0,0,0,0,1,0,0,1,1
1924,0,1,0,0,0,0,0,0,0,0,0,1,1,0,0,1,1,1,1,0,0,0,1,0,0,0,0,1,0,1
1925,1,0,0,0,1,0,1,0,0,1,0,0,1,1,0,1,0,1,0,0,0,1,0,0,0,0,0,0,0,1
1926,0,1,1,0,1,0,0,0,0,0,1,0,0,1,1,0,1,1,1,0,1,1,1,1,0,0,0,1,0,1
1927,1,1,0,1,1,0,1,0,1,0,0,0,1,1,0,1,1,1,1,1,0,0,0,1,1,1,0,1,0,1
1928,1,0,1,1,1,1,1,0,0,1,0,0,1,1,0,1,1,1,0,1,0,1,1,1,1,1,1,0,1,1
1929,0,0,0,1,1,1,1,1,0,0,0,0,0,0,0,0,1,0,0,1,0,1,0,0,0,0,1,1,0,1
1930,1,0,0,0,0,0,0,0,0,0,0,0,0,1,0,1,0,1,1,1,1,0,0,1,0,0,1,0,1,1
1931,1,1,1,1,1,0,0,1,0,0,0,0,1,0,0,0,1,1,0,0,0,0,0,0,0,0,0,0,1,1
1932,1,0,0,1,1,1,0,0,0,1,0,1,1,1,0,0,1,1,1,1,1,1,1,0,0,0,1,1,0,1
1933,1,0,1,1,1,0,1,0,1,0,0,0,1,1,0,0,1,1,1,0,1,1,0,0,0,0,0,0,0,1
1934,1,1,0,1,1,1,1,1,1,0,1,1,1,1,0,1,1,1,1,1,1,1,1,1,1,1,1,1,1,1
1935,0,0,1,1,1,0,1,1,1,1,0,0,1,0,0,0,1,0,1,0,0,1,0,0,0,0,0,1,0,1
1936,0,0,0,0,1,0,0,0,0,0,0,1,1,0,0,0,1,0,1,0,0,0,0,0,0,1,0,1,0,0
1937,1,1,0,1,1,0,0,0,1,0,0,0,1,0,0,0,1,1,0,0,1,1,0,0,0,0,0,0,0,1
1938,1,1,1,0,0,0,1,0,1,0,0,1,1,0,0,1,1,1,1,0,0,1,0,0,0,0,0,1,0,1
1939,0,0,1,1,1,1,0,1,1,1,1,1,1,1,1,0,1,1,1,1,1,1,1,0,1,1,1,1,1,1
1940,1,1,0,0,1,1,0,1,1,1,1,0,1,0,0,1,1,0,1,0,1,1,1,0,0,0,0,1,1,1
1941,0,1,0,0,0,0,0,0,1,0,0,0,0,1,0,1,1,0,1,0,1,0,0,1,0,0,0,0,0,1
1942,0,0,0,0,0,0,0,0,0,0,0,0,1,1,0,0,1,1,0,0,0,1,0,0,1,1,0,0,0,1
1943,0,1,0,0,0,1,0,0,0,0,0,1,1,1,0,0,1,1,0,0,0,0,0,0,0,1,0,1,0,1
1944,1,0,0,1,1,1,0,0,1,0,0,0,1,0,0,1,1,1,0,0,1,1,1,0,0,0,0,0,0,0
1945,1,0,1,1,1,0,1,0,1,0,1,0,1,1,0,0,0,1,1,0,1,1,1,0,0,0,0,1,1,1
1946,0,1,1,1,1,1,1,1,1,1,0,1,0,1,0,1,1,1,1,0,1,1,0,0,1,1,1,1,1,0
1947,0,0,0,0,0,0,1,0,1,0,0,0,1,0,0,0,0,0,1,0,0,0,0,0,0,0,0,0,0,1
1948,0,0,0,0,0,0,1,0,0,1,0,0,1,0,0,0,0,1,0,0,0,1,0,0,1,0,0,0,0,1
1949,0,0,0,0,0,0,0,0,1,0,0,0,1,1,0,0,0,0,1,0,1,0,0,0,0,0,0,1,1,0
1950,0,0,1,0,1,1,0,0,0,0,0,1,1,1,0,1,1,1,1,0,1,1,0,0,0,1,0,1,1,1
1951,0,1,1,0,1,0,1,0,0,0,0,0,1,1,0,0,1,1,1,0,0,1,0,0,0,1,0,1,1,1
1952,0,1,1,1,0,1,1,1,1,1,0,0,1,1,0,1,1,0,0,1,1,0,1,0,1,0,0,0,0,1
1953,0,1,0,1,1,1,0,0,0,0,1,0,1,0,1,1,1,0,1,0,1,1,1,1,1,0,0,0,1,0
1954,1,0,0,0,1,0,1,0,1,1,0,1,1,0,0,1,0,1,1,1,0,0,0,0,0,0,0,1,0,1
1955,1,1,0,1,1,0,0,0,0,1,0,1,1,0,0,1,1,0,1,1,1,1,1,0,1,1,1,1,1,1
1956,0,0,1,1,1,0,0,0,1,0,0,0,1,0,0,1,1,0,0,0,1,0,0,0,0,1,1,1,0,1
1957,0,0,0,1,1,0,0,0,0,0,0,0,1,0,0,0,0,1,0,0,0,0,0,0,0,0,0,0,0,0
1958,0,1,0,1,1,1,1,1,1,1,1,0,0,1,1,0,1,1,0,1,1,0,1,0,0,1,0,1,1,1
1959,1,0,0,0,1,0,0,0,0,0,0,0,0,0,0,0,1,0,0,0,0,1,0,1,0,0,0,0,0,1
1960,0,0,1,0,1,0,1,0,0,0,0,1,0,0,0,0,1,1,1,0,1,0,1,0,0,0,1,0,0,0
1961,0,0,1,0,0,0,0,0,1,0,0,0,1,1,0,0,1,0,0,0,0,1,0,0,0,0,0,0,0,1
1962,1,0,1,1,1,0,1,1,1,1,0,1,1,1,0,1,1,1,1,1,1,1,1,0,1,1,0,1,0,1
1963,1,1,1,0,0,1,0,0,1,0,0,1,0,0,0,0,1,1,1,0,0,1,0,1,0,0,0,1,1,1
1964,1,0,1,0,1,1,1,0,1,0,0,1,1,1,1,1,1,1,1,1,1,1,1,0,0,1,0,1,0,1
1965,1,0,0,0,0,0,0,0,0,0,0,0,0,0,0,0,0,0,0,0,1,0,0,0,0,0,0,0,0,1
1966,0,0,0,0,1,1,1,0,1,0,1,0,0,0,0,0,1,1,0,0,1,0,0,0,0,0,0,0,0,1
1967,0,1,0,1,1,0,1,0,0,0,0,0,1,1,0,0,0,0,0,0,0,0,0,0,0,0,0,1,0,1
1968,1,0,1,1,1,0,1,0,1,1,1,1,1,1,1,1,1,1,0,1,1,1,1,1,1,1,0,0,1,0
1969,1,1,1,1,1,1,0,0,1,0,0,0,1,1,0,0,1,1,1,1,0,1,0,0,0,1,1,1,0,1
1970,0,0,0,1,1,0,0,0,0,0,0,0,1,0,0,0,1,1,0,0,0,0,1,0,1,1,0,0,0,1
1971,0,0,0,0,1,0,1,0,0,0,0,0,0,1,0,0,0,1,0,0,1,1,1,1,0,0,0,1,1,1
1972,1,0,0,1,1,1,1,0,1,0,0,1,1,0,0,1,1,1,1,1,1,1,1,0,0,1,0,1,1,1
1973,1,1,1,1,1,1,1,1,1,1,1,0,1,1,0,1,1,1,1,1,1,1,1,0,1,1,1,0,1,1
1974,0,0,0,1,1,0,1,0,0,1,0,0,1,0,0,0,0,0,1,0,1,1,0,0,0,1,0,0,0,0
1975,0,0,0,0,0,0,1,0,0,0,0,0,0,0,0,0,0,0,0,0,0,0,0,0,0,0,0,0,0,0
1976,1,1,0,0,0,0,1,1,1,0,0,1,1,0,0,1,1,1,1,1,1,1,0,1,0,0,0,1,1,1
1977,1,1,1,1,0,0,1,1,0,0,0,0,1,1,0,0,1,1,0,0,0,1,0,0,0,0,0,0,0,1
1978,0,0,0,0,0,0,0,0,0,0,0,1,1,0,0,0,0,0,0,0,1,0,0,0,0,0,0,0,0,1
1979,0,1,0,1,1,1,0,1,0,1,0,1,1,0,1,1,0,1,0,0,0,1,0,1,1,0,0,1,1,1
1980,0,1,0,0,0,0,1,0,0,0,0,0,0,0,0,0,0,0,0,0,0,1,0,0,0,0,0,0,0,1
1981,1,1,0,0,1,0,0,0,1,1,0,0,0,1,0,1,1,1,1,0,1,0,1,0,0,1,1,0,0,1
1982,1,0,1,1,1,0,0,0,0,0,0,0,1,1,1,0,1,1,1,0,0,1,1,1,0,0,0,0,0,1
1983,1,0,1,1,1,0,0,0,1,0,1,0,1,0,0,1,1,0,0,0,1,1,0,0,0,0,0,0,0,1
1984,0,0,0,0,1,0,1,0,0,0,0,0,0,0,0,0,0,0,1,1,0,1,1,0,0,0,0,0,1,1
1985,0,0,1,1,1,0,0,1,1,0,0,1,1,1,0,0,1,1,1,1,1,1,1,0,1,0,1,0,0,1
1986,0,0,1,0,0,0,0,0,0,0,0,0,1,0,0,0,0,0,0,0,0,0,0,0,0,0,0,0,1,1
1987,0,0,1,1,0,0,0,0,0,1,0,1,0,1,0,0,1,1,1,0,1,0,0,0,0,0,0,0,1,1
1988,0,0,0,0,1,1,0,0,1,0,0,1,1,1,0,0,1,0,1,0,0,0,0,0,0,0,0,0,1,1
1989,0,0,1,0,1,0,0,0,0,0,0,1,1,0,0,0,1,1,1,0,0,1,0,1,1,0,0,1,1,1
1990,0,0,1,1,1,0,0,0,1,0,0,0,1,0,0,1,1,0,0,0,1,0,0,0,0,0,0,0,0,1
1991,1,0,0,1,0,0,0,0,0,1,0,1,1,0,0,0,1,1,1,1,1,1,1,0,1,0,0,0,1,1
1992,1,1,0,1,0,0,1,1,1,0,0,0,1,1,0,1,0,1,0,0,1,0,1,1,0,1,1,0,1,1
1993,0,1,0,1,0,1,0,0,1,0,0,1,1,0,0,1,0,1,1,0,1,0,0,0,0,0,0,0,1,1
1994,1,0,1,1,0,0,0,0,0,0,0,0,1,0,0,0,1,0,0,0,0,0,0,0,0,0,0,0,1,1
1995,1,1,1,0,1,0,1,1,1,1,0,0,0,1,0,1,1,1,1,0,1,1,1,1,0,1,0,1,0,1
1996,0,0,0,1,1,1,1,0,1,0,0,0,1,0,0,0,1,1,1,0,0,0,0,0,0,1,0,1,0,1
1997,0,1,0,1,1,0,1,1,0,1,1,1,1,1,0,1,1,1,1,0,1,1,0,1,1,1,0,0,0,1
1998,0,0,0,1,1,1,0,1,0,0,0,0,1,0,0,0,1,1,0,0,0,1,0,1,0,0,1,1,1,1
1999,0,0,0,1,1,0,0,0,0,0,0,0,1,0,0,0,1,1,1,0,0,1,0,0,0,1,0,0,0,1
2000,1,0,0,0,0,0,0,0,0,0,0,1,1,1,0,0,1,1,1,1,1,0,1,1,1,1,0,1,0,1
